摩尔坎妹女权题材新片取消院线上映 直接上流媒	2020年08月20日 14:50	  新浪娱乐讯 朱丽安·摩尔、艾丽西亚·维坎德主演美国女权运动先锋格洛丽亚·斯泰纳姆的传记片《格洛丽亚在路上》取消院线上映,转为流媒体,将于9月30日在北美地区的亚马逊上线。该片今年初在圣丹斯电影节首映,原定9月25日上映。<sep>  摩尔饰演中年斯泰纳姆,维坎德饰演20-40岁的斯泰纳姆,露露·威尔逊(《利器》《安娜贝尔2》)饰演青少年时期的斯泰纳姆,加奈儿·梦奈(《月光男孩》《隐藏人物》)饰演民权活动家Dorothy Pitman Hughes,她和斯泰纳姆联合创办了Ms。 Magazine,贝特·迈德尔(《夏威夷》《歌声泪痕》)饰演社会活动家、律师、政治家贝拉·艾布札格,她和斯泰纳姆、雪莉·奇泽姆、贝蒂·弗里丹等女权主义者一起创立了全国妇女政治核心小组,后来成为了美国众议员。<sep>  朱丽·泰莫(《黑泽明的道路》《弗里达》)执导,托尼提名剧作家Sarah Ruhl(《在隔壁房间》《新世界》)操刀剧本,基于斯泰纳姆的同名自传,讲述她如何从记者、活动家成为平权、女权运动的先驱者。<sep>  斯泰纳姆在60年代后期、70年代早期担任美国女权运动的领导者的发言人,她的语录被收录进《美国名人录》,她是《纽约》杂志的专栏作家,以及Ms。 magazine的联合创办者。<sep>  1969年,斯泰纳姆发表了名为《黑权主义之后,妇女的解放运动》(After Black Power, Women‘s Liberation)的文章,使她在全国享有“女权领导者”的声誉。<sep>  2005年,斯泰纳姆和简·方达、作家兼活动家罗宾·摩根共同成立了非营利的妇女媒体中心(Women‘s Media Center)组织,致力于帮助女性在媒体界获得关注,拥有一席之地和强大实力。<sep>  近年来斯泰纳姆在全球担任活动组织者和演讲者,作为平权问题的媒体发言人。<sep>  (孟卿)<sep>(责编:小万)
《降世神通》真人版主创退出 称创作不被网飞支持	2020年08月20日 14:34	  新浪娱乐讯 知名动画《降世神通:最后的气宗》正在Netflix开发真人版剧集。但此项目近日遭遇挫折:动画版主创Michael Dante DiMartino和Bryan Konietzko本已签约来打造真人版,而如今两人同时宣布退出,不再参与该项目,因为他们的创作想法得不到支持。<sep>  DiMartino在个人网站发布了一封“以沉重的心情写下”的信,透露两人是在6月做出退出决定。此前他们作为执行制作人和运作人签约了真人版,开发该项目已经两年了。此时离开,是他职业生涯中最困难的一个决定,但他觉得是必须的,“这是为了我的快乐和创作尊严”。<sep>  他透露签约时,网飞表示会尊重、支持他们的想法和创意决定,但“不幸的是,事态发展并不如我们所希望的那样”。<sep>  他表示知道世事无常,在自己职业生涯别的时期都努力像剧中的气和族一样,尽量随遇而安,见势而动,“但就连气和族也知道何时该出手止损、重新开始”。<sep>  DiMartino进行了谨慎的思考和长期的挣扎,评估人生想要的东西究竟是什么,最后他决定:如果不能控制这部剧的创作方向,至少还能把控自己对此的反馈,“所以,我决定离开”。<sep>  他也表示这部真人剧集依然有做好的潜力,观众可能会喜欢,但即便如此,也绝对不是他和Konietzko当初想做的作品。他还称这不代表他彻底离开了《降世神通》宇宙,“这些故事和角色对我很重要”。<sep>  最后DiMartino引用爱龙皇叔的智慧发言:“有时人生就像走在一条黑暗的通道里,路的尽头不是总能看到光。但一直走下去,你就能达到更好的地方。”<sep>  Konietzko在ins发文,同样表示这可能是他做过的最艰难的抉择,但“我认为无疑是正确的选择”。称两年前签约时,Netflix非常公开地承诺会支持他们的想法。但虽然此后他得以跟一些很优秀的人合作,其中既有网飞的人,也有他们的小型开发团队里的人,但总的来说,Konietzko认为网飞对该项目的整体把控,创造的是一个负面、缺乏支持的环境。<sep>  “我要说清楚:这不是‘我们没能为所欲为’这么简单,Mike(DiMartino)和我都是懂得合作的人,并不是一定要所有的主意都得我们来出,只要是我们觉得符合《降世神通》的精神和尊严的想法,我们都很乐意接受。”<sep>  然而,Konietzko表示:如今的情况让他感觉“我们已经不可能有意义地去引导这部剧的方向了”,只能非常失望地退出。他也称现在留在该项目的仍有一些很棒的人,希望他们仍然有机会为该剧献上自己的才能,也许依然能做出动画的粉丝和新的观众群体喜欢的作品。最后他感谢了粉丝支持,自认为很幸运,承诺不会离开《降世神通》宇宙,将继续以自己和搭档想要的方式去讲故事,会全心投入那些让他感觉充实、给予他信任和尊重的项目。<sep>  在两人发声后,Netflix也发布声明,表示对Michael Dante DiMartino、Bryan Konietzko和他们打造的《降世神通》系列故事怀有“完全的尊敬和欣赏”,虽然两人选择了离开,但网飞方对该项目的创作团队和他们的改编很有自信。<sep>  (孟卿)<sep>(责编:小万)
《八佰》点映票房1.8亿破纪录 观影人次达451万	2020年08月20日 12:17	  新浪娱乐讯 据猫眼数据,《八佰》点映票房破1.8亿,打破《西游记女儿国》1.79亿(点映1天,场次11.12万)的点映票房,创造中国电影市场点映票房最高纪录。<sep>  截止到点映纪录节点,《八佰》点映场次13.36万,观影人次451万。今天也是《八佰》点映的最后一天,明天(8月21日)起该片将正式上映。<sep>(责编:小万)
2020最美表演再曝海报:罗晋关晓彤金晨神情各异	2020年08月20日 11:49	  新浪娱乐讯 由新浪娱乐重磅策划的2020年《最美表演》于今日公开新一批演员阵容海报,展现出三位演员——罗晋、关晓彤、金晨的百变姿态。海报中,罗晋身着深棕色长袖衬衫双手插兜而立,目视前方神情严肃,身后背景似霓虹似火焰,关晓彤波浪卷发搭配长款白色衬衫,肆意潇洒之势跃然眼前,金晨则身着袖子挽于上臂的蓝色衬衫,扎起低马尾眼波流转笑靥如花。<sep>  《最美表演》举办至今,联合多位优秀演员与导演为观众呈现了数个精彩演绎,2020年《最美表演》以“蓄力向上”为主题,在这一充满复杂情感的特殊年份,观众将在演员对短片中不同人物和故事的演绎里,感受到一种努力克服困难、突破自我,积极向上的精神风貌。在当下的社会生活中,“蓄力向上”是面对困难努力克服、面对目标坚定奋斗、面对理想不断向前,不管顺境或逆境,都要努力寻找自己的心向往之。<sep>  据悉,《最美表演》已公布两批六位演员阵容,接下来还会有哪些演员参与其中,又会诠释怎样打动人心引起共鸣的角色和故事,敬请持续关注! (林怡文/文)<sep>(责编:小万)
演员谢园离世!曾被说“没演技”却拿奖到手软	2020年08月19日 15:46	  中新网客户端北京8月19日电(任思雨)据媒体从演员梁天方面证实,电影演员、原北京电影学院教师谢园先生,于2020年8月18日突发心脏病,经多方抢救无效,不幸逝世,终年61岁。<sep>  遵照谢园嘱托,家中不设灵堂,不举行遗体告别仪式和追悼会,不召开任何形式的追思会。<sep>  谢园1959年出生于北京,1981年出演影片《新兵马强》出道,代表作包括《孩子王》《棋王》《大喘气》《寡妇村》《疯狂的代价》《上海一家人》《天生胆小》等,曾荣获中国电影金鸡奖、大众电影百花奖、中国电视剧金鹰奖、飞天奖等多个表演奖项。<sep>  好友葛优、梁天,演员刘晓庆、张静初、孙茜、左小青、邢佳栋、关凌纷纷发文悼念。<sep>  <sep>  1959年6月17日,谢园出生于北京。1978年,谢园考入北京电影学院。当时的他对电影、艺术完全没什么概念,过去在宣传队的时候会玩几下乐器,考电影学院,面试的老师把谢园激发起来,他把会学的领导人的口音都学了一遍。<sep>  在“78级表演系”,与他同班的还有张铁林、张丰毅、方舒、沈丹萍等知名演员。毕业时,老师给谢园八个字的评价,“形象一般,没有演技”,让他印象深刻。<sep>  “班里那么多形象比我好的同学,周里京和张丰毅,我这样的只能演叛徒。但是通过学习我认识到小人物身上有大命运,以喜剧形象示人的演员骨子里都爱人民。所以虽然我演的有些戏被同学打击说‘自行轻贱’,但是我信念坚定,价值观正确。”<sep>  1981年,谢园出演由导演于清执导的影片《新兵马强》出道。之后,又在滕文骥执导的影片《棋王》中饰演外号“棋呆子”的北京青年王一生。<sep>  现实生活中的谢园也是一名超级棋迷,著名棋手常昊九段曾为他颁发围棋业余4段证书。“我和谢园老师认识了很多年,他一直特别喜欢下棋,水平还可以,对围棋也很热心,这次颁发段位证书对他也是一种鼓励。”<sep>  《棋王》里的角色为谢园带来第九届中国电影金鸡奖最佳男主角奖的奖杯。<sep>  尽管毕业时被评价“没有演技”,但年纪轻轻的谢园,已经凭借优秀的作品拿下“金鸡”“金鹰”“飞天”“百花”等众多电影电视界的最高奖项:<sep>  1991年凭《疯狂的代价》获得第三届中国电影表演艺术学会金凤凰奖;1992年凭《上海一家人》获得第十届中国电视金鹰奖最佳男配角奖、第十二届中国电视剧飞天奖最佳男配角奖;1995年以《天生胆小》获得第十八届大众电影百花奖最佳男配角奖。<sep>  谢园曾说,“我可能一生都不会再碰到像陈凯歌这样优秀的导演了”。谈起那些年自己拍摄的电影,他对陈凯歌执导的《孩子王》有着深厚的情感:<sep>  “我很有幸地拍了一部最纯粹的电影《孩子王》,尽管后来我也拍了很多糟糕的电影。但是我这样一个演员拥有过那样一部纯粹的电影,《孩子王》非常的深情和深邃。<sep>  这是一部作者的电影,没有任何其他的企图,不为了消费者不为了商业。甚至电影的拍摄要求都可以抛弃,我们的表达不需要任何束缚。我们只要无限的忠诚,这是纯粹的内核和依托。<sep>  当年我们的真诚是一扎就疼的,我、陈凯歌导演和摄影师顾长卫的眼神都是纯粹的,没有任何杂念。后来我一个人又回到了拍摄地,坐在云南的那个角落,马帮的铃声传来,人生在冥冥中的那样一刻凝固了。而现在无论我们怎样针灸都无法触到那个穴位了。”<sep>  <sep>  抛开演员的身份,谢园被人熟知的另一个身份是教师。从北京电影学院毕业后,谢园留校任教。<sep>  他说,自己留校其实是“被迫”的:“我被分配到八一电影制片厂,但是我眼睛近视,人家不要我,又给我退回学院了。我特别想穿上那身军装,心里特别难受。其实留校是被迫的,不过也挺好。”<sep>  北京电影学院任教期间,谢园带出过左小青、邢佳栋等知名演员。谢园去世后,他的学生也纷纷发文悼念:<sep>  左小青说,“谢老师学识渊博,为人和善,在剧组给大家带来很多的快乐,他给我们上课时的样子现还记忆犹新呢,唉,天妒英才,无奈!我们愿谢园老师在天堂一如既往的快乐。”<sep>  邢佳栋表示,“恩师谢园突然离世,震惊和悲痛如巨浪压顶,虽知生命无常,但心里还是希望有趣的人,正直的人,多多在人间驻留,否则这个世界多么寂寥,多么荒谬......愿恩师在天堂继续上他的电影课,继续笑谈人间虚幻事,透露人生真性情......学生佳栋挽泣”。<sep>  身为表演系教师的谢园,曾写文章撰述对表演的看法,在当老师的许多年里,曾有媒体向他提问,是否还有重返银幕的想法,他说:<sep>  “这个梦想始终有,但是我们在北京电影学院多少年来研究电影,我们太知道电影是什么了,所以今天我们对于过去的很多作品,对于现实的很多作品,甚至对于未来将出现的一些作品实质上来讲是很不满意的。因为我们研究的太多了,我们从卢米埃尔兄弟发明电影到今天已经有一百多年的历史了,我们看过的影片太多了,我们讲课备课的讲的滚瓜烂熟的电影太多了,所以很难说有很满意的电影剧本说现在抓起一个就随便去拍了。”<sep>  近年来,复出荧幕的谢园曾在《古董局中局之鉴墨寻瓷》《宸汐缘》《天下无诈》《红色》等多部影视剧中参演角色。<sep>  <sep>  生活中的谢园,崇尚质朴、简单的生活,曾有人目睹,成名后的谢园也时常在北京的夜市蹲在地上吃卤煮。<sep>  他说:“作为五十年代的产品,我们必须做到我们是很本真的,是很自然的,是愿意接地气的,走到哪儿吃到哪儿,很随便,穿的衣服也要很随便,特别是内心世界里头不能够脱离老百姓。”<sep>  今年5月底时,关凌还曾分享谢园、梁天等一起聚会时合唱《心的祈祷》的视频,老艺术家们一起唱歌相当尽兴愉快。关凌当时配文“观看男团演唱会,老男孩们太投入了!#我爱我家 今天是家人在一起”。<sep>  谢园与葛优、梁天是多年好友,共同合作过多部影视作品,他们也被称为中国内地“喜剧三剑客”。<sep>  上世纪九十年代,三人共同创办北京好来西影视发展有限公司,在近年来的采访中,谢园也多次提起三个人相互打趣的往事,谢园曾说,自己经常与葛优、梁天一起聊天、喝酒,由于各自都很忙,所以凑在一起时都着急说话,“但是谢老师开讲都不说了。都觉得自己说的那些都是鸡毛蒜皮的。谢老师一开讲,有的还要做笔记,我就拦着别别别,算了”。<sep>  在谢园去世后,葛优发声表示:“观众会永远记住谢园对中国电影、电视剧所作出的努力和贡献。”<sep>  梁天则说道,“所有和谢园合作过的业内人士,都会怀念他曾经给我们带来过的快乐和感动,愿他的灵魂,面朝大海,春暖花开...从此天堂不再寂寞。”(完)<sep>(责编:kita)
日本票房:《我是大哥大!!》票房突破40亿日元	2020年08月19日 14:56	  日本周末票房排行榜2020年8月15日—8月16日<sep>  上周末(8月15日至16日)日本电影票房榜中,8月15日上映的《Fate/stay night [Heaven‘s Feel] III。 spring song》周末两天时间动员观众27万人次,票房收入4.75亿日元,夺得冠军宝座。该片是2004年发行的视觉小说游戏《Fate/stay night》中故事之一《Heaven’s Feel》制作的三部曲系列最终章,讲述围绕“圣杯”展开的“圣杯之战”,以及为守护间桐樱而战的卫宫士郎的故事。与2019年上映最终票房16.6亿日元的第二章《Fate/stay night [Heaven’s Feel] II。 lost butterfly》同期票房收益比为96.8%,尽管因新冠疫情影响从3月28日推迟至八月上映,但成绩还是不错。<sep>  上周上映的新片还有排名第五的《<sep>》,上映三天时间,动员观众19.5万人次,票房收入2.48亿日元。影片根据渡边航曾推出过动画、舞台剧、小说、日剧等各种版本的人气漫画改编,由King & Prince永濑廉主演,执导《<sep>》、《<sep>》等作品的三木康一郎担任导演,参演演员还有伊藤健太郎、桥本环内、坂东龙汰等,讲述喜欢动漫的高中生坂道加入自行车竞技部后把所有热情都投入到自行车比赛中的故事。<sep>  滨边美波、北村匠海继2017年上映最终票房35.2亿日元的《<sep>》再次合作,与福本莉子、赤楚卫二等合演的电影《<sep>》首映排名第六,这部青春爱情片改编自咲坂伊绪的漫画,讲述四个高中生恋爱的故事,由爱情片名家三木孝浩担任导演。<sep>  前一周榜单前三排名分别下降一位,其中《哆啦A梦》长篇剧场版第40部作品《<sep>》周末两天时间动员观众23万人次,票房收入2.86亿日元,累计动员观众超过138万人次,票房突破16亿日元。根据自西森博之人气漫画改编,由福田雄一执导贺来贤人主演,上映后连续三周在票房榜蝉联冠军的《<sep>》周末两天时间动员观众18.5万人次,票房收入2.38亿日元,到上周日上映31天时间累计动员观众322万人次,票房收入突破40亿日元,成为2020年上映的日本电影中第一部票房超过40亿日元的作品。长泽雅美主演的《<sep>》上映四周,周末两天时间动员观众11.9万人次,票房收入1.66亿日元,累计动员观众191万人次,票房突破26亿日元。<sep>  榜单最后两部作品也是首次登榜,其一是《东映电影祭2020》,包括《<sep>》、《<sep>》等四部作品,还有2010年上映此次再上映IMAX版和4D版的经典影片《<sep>》。<sep>  本周将上映的作品有菅田将晖与小松菜奈合作,根据经典知名歌曲改编的电影《糸》,迪士尼与皮克斯联合打造的电影《<sep>》,约翰尼·德普主演的《教授》,以及坂口拓主演山崎贤人、斋藤洋介出演,讲述宫本武藏与吉冈一门决斗的动作时代剧《狂武藏》等。(小乔)<sep>(责编:maiko)
导演张艺谋发文悼念谢园:愿你在天堂仍有笑声陪伴	2020年08月19日 13:16	  新浪娱乐讯 演员谢园于8月18日突发心脏病去世,享年61岁。曾和谢园合作《一个和八个》的张艺谋导演发文悼念:“惊悉老同学谢园病逝,沉痛哀悼,愿你在天堂仍有笑声陪伴。”<sep>  随后,他又发文回忆与谢园当年相处点滴:“我和谢园的第一次合作是《一个和八个》,那是第五代的第一部电影。导演张军钊、美术何群都先走了,现在又是谢园,令人唏嘘。谢园是一个快乐的人,也随时会把快乐带给别人。最难忘的是有一次看他和何群一起模仿我和陈凯歌、张军钊、肖风以及何群本人,形神生动、夸张搞笑,模仿刚刚开始,所有人已笑成一团!至今,这幅画面仿佛还在眼前。”<sep>(责编:小5)
《花木兰》韩国9月10日上映 乐童李秀贤唱主题曲	2020年08月19日 10:12	  新浪娱乐讯 迪士尼电影《花木兰》方面公开韩国版OST官方歌手为乐童音乐家成员李秀贤。<sep>  19日,电影《花木兰》方面公开了为电影增添感动的OST《Reflection》的韩国版官方歌手为<sep>李秀贤,吸引了人们的视线。14日公开歌手声音片段视频后,就有许多粉丝猜测是不是李秀贤,今日终于揭开谜底。《Reflection》是3首片尾曲之一,是1998年上映的迪斯尼动画片《花木兰》中最受欢迎的歌曲之一。时隔22年真人版电影将加入雄壮的管弦乐版本,为电影粉丝们带来无限的享受。<sep>  另外,电影《花木兰》将于9月10日在韩国上映。bnt新闻/供稿 薄文/文 迪士尼/图<sep>(责编:肉圆)
导演陈凯歌发文悼念谢园:他是天生的演员	2020年08月19日 11:20	  新浪娱乐讯 演员谢园于8月18日突发心脏病去世,享年61岁。曾和谢园合作《孩子王》的陈凯歌导演发文悼念:<sep>  “谢园是一个带给人快乐的人,认识他的人没有不喜欢的。我对他说,你在人前表演,得到最大快乐的是你自己,所以他是天生的演员。<sep>  多少年前我们一起在云南拍‘孩子王’,为了演活这个知青,他两三个月蓬着头,脸也不洗,穿着一件旧衣服不换,过年大家都回了北京,他也不走,为了活在人物里,他一个人守在景地,等大家回来。我最喜欢一张‘孩子王’的法国海报,谢园从竹屋的窗里向外看出去,不知是在看什么,眼睛里满是柔情。<sep>  我们今天也这样看看你,谢园,我们的老同学!”<sep>(责编:小万)
北京环球度假区明年开放 一期工程进入设备调试	2020年08月19日 09:07	  记者昨天(18日)从2020年中国服务贸易交易会旅游服务专题板块新闻通气会上了解到,北京环球度假区将于明年正式开放,目前,一期工程进入主题装饰及设备调试安装阶段。<sep>  北京环球度假区项目位于北京市通州区,包括北京环球影城主题公园、北京环球城市大道以及两家独具特色的度假酒店。该项目由世界级游乐专家精心设计,汇聚了东西方文化元素和智能创新科技手段,真实还原超人气的电影形象和场景,为大家带来多感官沉浸式体验。<sep>(责编:kita)
《天堂之日》女演员琳达曼兹去世 享年58岁	2020年08月19日 08:13	  在与肺癌搏斗多年后,美国女演员琳达·曼兹(Linda Manz)于当地时间8月14日去世,享年58岁。琳达·曼兹的银幕处女秀便是出演文艺片大导演泰伦斯·马力克的《天堂之日》(Days of Heaven),且演技获得评论界的高度评价,起点可谓相当之高。<sep>  琳达·曼兹1961年8月20日出生在纽约市。小时候,她对表演并无多大兴趣,是她在世贸大厦里做清洁女工的母亲索菲,非常期望女儿以后能当上明星,好让她们这个有些不幸的小家庭——丈夫在小琳达年仅两岁时就抛下她们离家出走了——能有飞黄腾达的一天。 <sep>  1976年,奉母亲之命,正在一所演艺学校念书的琳达,被泰伦斯·马力克一眼相中,从数百名参加海选的候选人中脱颖而出,赢得了《天堂之日》中小妹琳达的角色。据说,马力克当时之所以选她,看中的就是琳达·曼兹超越同龄人的那份成熟感。“我喜欢你这个剧本。”第一次和马力克见面时,她这么告诉导演。 <sep>  “不过她基本就不知道拍电影是怎么回事。”该片剪辑师比利·韦伯(Billy Weber)后来回忆说,“还以为演员在片中的角色名字,就是他们生活中真正的姓名。结果,导演只好把剧本里小妹这个角色的名字,也改成了琳达。因为如果叫她别的名字的话,她根本就没反应。”<sep>  影片拍摄过程中,导演马力克大胆放手,任由琳达按着她自己想法本色出演,给了她极大的自由发挥空间。拍着拍着,马力克发现琳达的念白相当独特,有着一种超然于世的别致风格,于是便重新修改剧本,专为琳达编写了大段旁白,并且以此作为连通全片的一条线索,赋予了《天堂之日》全新的面貌。从这一层意义上来说,如果没有当时年仅15岁的新人琳达·曼兹,就不会有如今我们所看到的这部《天堂之日》。1979年接受媒体访问时,向来不爱客套也不太习惯恭维人的马力克导演,也曾表示,琳达·曼兹就是这部电影的核心所在,“15岁的她,身上有着40岁女人的成熟”。<sep>  最终,该片拿下1979年奥斯卡金像奖四项提名,马力克还在戛纳电影节夺得最佳导演荣誉,而琳达·曼兹在该片中的精彩演出,也为她赢得了好莱坞“明日之星”的好评。导演菲利普·考夫曼专门为她度身定制了一个角色,邀她出演了自己的新片《火拼战车》(The Wanderers)。随后,她又在演而优则导的丹尼斯·霍普操刀的《走出忧郁》(Out of Blue)中首度担纲主演,挑战热爱摇滚乐的中二病女青年角色,照旧展现了十分了得的演技。可惜,当年这部作品未能获得评论界的认可,直到多年之后,它才作为邪典佳作,价值重新得到认可。 <sep>  上世纪八十年代,琳达·曼兹忽然选择急流勇退。她与电影摄影师鲍比·古斯里(Bobby Guthrie)组成家庭,生了三个小孩,做起了全职主妇。直到1997年,她才重出江湖,出演了美国独立导演哈莫尼·科林(Harmony Korine)的处女作《奇异小子》(Gummo),还在大卫·芬奇的《心理游戏》(The Game)里有过惊鸿一瞥的出场。<sep>  此后,琳达·曼兹又一次彻底归于沉寂,似乎好莱坞的这一切名与利,于她而言都不过是浮云流水。“那阵子,一下子涌现出来不少新人演员,我也有了点像是泯然众人的感觉,于是索性退下来,生了三个孩子。然后发现自己很享受宅在家里做饭煲汤的生活。”1997年短暂复出时,她在接受媒体访问时曾如此表示。<sep>(责编:kita)
影市逐渐复苏 《夺冠》《姜子牙》定档国庆	2020年08月19日 08:00	  新快报讯 记者聂青报道 影市逐渐复苏,经过暑期档的预热之后,今年的国庆档相当的热闹,继《我和我的家乡》《一点就到家》《海底小纵队》定档国庆之后,两部2020年春节档电影《姜子牙》《夺冠》也加入了国庆档阵营,好片子一个接着一个向国庆进发,观众们要好好做下时间管理了。<sep>  《夺冠》由陈可辛执导,巩俐、黄渤、吴刚、彭昱畅、白浪、中国女子排球队领衔主演,于8月17日发布再定档海报,宣布于2020年9月30日全国公映。因疫情原因,原定于春节档上映的电影《夺冠》于公映前夕宣布撤档,如今再次归来。最新曝光的海报中,女排姑娘们磨出茧、带着伤的手相互交叠在一起,相互给予支持、彼此传递力量。从1981年到2019年,从首夺世界冠军到第十个世界冠军,中国女排几经沉浮却始终不屈不挠,用拼搏不断书写传奇。女排精神不仅一次次让世界对中国瞩目,更激励着一代又一代国民不断拼搏。<sep>  《姜子牙》是继“哪吒”之后,影迷们最为期待的国产动漫,同样也有关于成长的核心,姜子牙学习如何在天命与信仰之间进行取舍,成为一个真正的神。故事背景发生在封神大战之后,昆仑弟子姜子牙,率领众神战胜狐妖,推翻了残暴的商王朝,赢得封神大战的胜利,即将受封为众神之长。在巅峰时刻,他却因一时之过被贬下凡间。失去神力,被世人唾弃。为重回昆仑,姜子牙踏上旅途。在战后的废墟之上,他重新找到了自我,也发现了当年一切的真相。<sep>  《姜子牙》和“哪吒”属于同一个制作团队,也有不少影迷在猜测它们故事之间的关联,《姜子牙》片方曾经发布这样的海报,哪吒和盘旋在海面上的敖丙分立两边,姜子牙中间独坐木板、手持长枝钓鱼,可以肯定的是,三人在命运上会有所交织。<sep>(责编:kita)
《姜子牙》《夺冠》转战国庆档 一大波新片在路上	2020年08月19日 07:37	  羊城晚报记者 胡广欣<sep>  根据猫眼专业版数据,8月10日至16日内地影市周票房报收2.68亿元。影院复工后的首部全新华语大片《八佰》要到8月21日才正式上映,重映大片仍然撑起上周影市的半边天。<sep>  上周票房排行前五位中,有三部是重映片:8月14日上映的《哈利·波特与魔法石》成为上周票房冠军,共收得9455万元票房;8月2日上映的《星际穿越》、7月20日上映的《误杀》仍维持了一定热度,分别位居第二和第四位。<sep>  全国影院复工已经接近一个月,越来越多新片宣布定档。值得一提的是,《姜子牙》《夺冠》等原春节档影片陆续宣布登陆国庆档,今年国庆档的竞争将相当激烈。<sep>  <sep>  2002年上映《哈利·波特与魔法石》是《哈利·波特》系列电影的第一部,也是该系列中至今为止评分最高的一部,豆瓣评分高达9.0分,超过70万人打分。此次重映的是全新的4K修复3D版,画质和效果都有了一定提升。从票房成绩看,《哈利·波特》这个经典IP仍然颇具号召力。在哈迷喊出“集体返校”的口号下,电影重映首日的票房即突破3200万元,刷新影院复工以来单片单日票房最高纪录。在重映的第四天,该片票房突破1亿元。<sep>  自7月20日全国影院复工后,数部重映大片都取得了颇佳的票房成绩。除《哈利·波特与魔法石》之外,《星际穿越》《误杀》的重映票房均破亿元。不过,随着多部新片定档,重映片将逐步减少。目前已定档的重映片仅有一部《盗梦空间》,该片将于8月28日重映。<sep>  <sep>  观众和影院都翘首以盼的《八佰》在8月14日、8月17至20日开启点映。至记者截稿时,《八佰》的点映票房已达到4700万元。作为首部新上映的华语大片,《八佰》得到了超高的排片待遇:根据猫眼专业版数据,8月21日上映首日,《八佰》排片占比高达89.7%。<sep>  《八佰》之后,还有多部大片陆续有来。诺兰的新作《信条》定档9月4日,刘亦菲出演的迪士尼真人电影《木兰》也已过审并确定登陆院线。而影院复工之后的首个重要档期——国庆档更是竞争激烈,目前已经有六部电影宣布定档。其中有两部原春节档大片将加入国庆档战局,分别是:国产动画《姜子牙》定档10月1日,陈可辛导演的《夺冠》(原名《中国女排》)定档9月30日。《姜子牙》与去年的现象级国产动画《哪吒之魔童降世》属于同一系列,该片在猫眼专业版上的“想看”人数高达110.2万人,仅次于《唐人街探案3》 。<sep>  今年国庆档,张艺谋监制,宁浩担任总导演,刘昊然、葛优、刘敏涛等主演的《我和我的家乡》;陈可辛监制,许宏宇执导,刘昊然、彭昱畅、尹昉主演的《一点就到家》 ,同样颇受关注。此外,两部动画电影也将在国庆档上映,分别是《海底小纵队:火焰之环》和广东制造《木兰:横空出世》。<sep>(责编:kita)
北影节电视展映片单曝光 含<流浪地球>等20部影片	2020年08月19日 07:18	  新京报讯 在疫情防控常态化下,第十届北京国际电影节更加注重展映渠道的多元化。除了同其他国际电影节一样选择院线展映以外,更增加了和网络平台合作的线上展映以及与传统媒体合作的电视展映。观众们无论是否身在北京,都可以通过北京国际电影节,欣赏到世界上最好的电影。<sep>  作为第十届北京国际电影节的新突破、新举措、新亮点,为期十天的电视展映单元,集北影节十年展映经验,精选十部国产力作和十部境外佳片,于8月21日至8月30日,在BTV北京卫视、BTV影视和BTV青年三个频道进行展映,将覆盖更多受众,为中国电视观众呈上别具一格的电影视听盛宴。<sep>  此次电视展映单元影片由历届北京国际电影节“天坛奖”的获奖影片及入围影片、“注目未来”单元推荐影片以及多国别、多风格的优秀外语片组成。该单元不仅有场面宏伟、制作精良的动作片,还有轻松温暖、搞笑幽默的剧情片,丰富的影片类型辐射各年龄段的观众群体,老少咸宜,适合全家观影。电视展映作为第十届北京国际电影节的一项惠民活动,给在电视端前,喜爱电影的观众带来“足不出户,亦可参与北影节”的体验。从多维度实现“全民参与”,让更多人可以接触电影、认识电影,感受光影的魅力。<sep>  据悉,十部华语影片分别为《中国合伙人》《智取威虎山》《狼图腾》《一代宗师》《师父》《湄公河行动》《红海行动》《过昭关》《流浪地球》《我和我的祖国》,十部境外影片分别为《超高效理论》《玛格丽塔》《冰妈妈》《小小港湾》《躁起来吧姑娘们》《我的小卷毛》《金克森姆》《西蒙与喜多》《多余的恩典》《失忆摩托》。<sep>  <sep>(责编:kita)
环球影业高管罗恩梅耶离职 曝与女星夏洛特有关	2020年08月19日 07:09	  新浪娱乐讯 据国外媒体报道,环球影业资深高管罗恩·梅耶宣布离职,导致他退出公司的关键人物被曝是女演员夏洛特·柯克。夏洛特·柯克是去年华纳兄弟首席执行官凯文·辻原下台的主要原因,有消息人士披露称她同这两位高管都有过恋爱关系。<sep>  在辞去NBC环球职务前,罗恩·迈耶透露他与一名女子达成了私下和解,这位女子在他们发生婚外情后试图勒索他。<sep>(责编:kita)
《八佰》点映票房破亿 连续两天全球单日票房冠军	2020年08月19日 06:33	  新京报讯(记者 滕朝)根据猫眼专业版数据显示,8月18日18:57,电影《八佰》点映累计票房破亿,观影人次近300万,连续两天拿下全球单日票房冠军。8月17日,《八佰》单日点映票房为5064万,8月18日截至20:00,该片单日点映票房4574万。<sep>  据悉,该片将于8月21日全国公映。<sep>  新京报记者 滕朝<sep>(责编:kita)
原版《人在囧途》将翻拍 史皇合作凯文·哈特	2020年08月18日 18:09	  1905电影网讯 作为经典喜剧片,拍摄于1987年的《落难见真情》人气颇高。日前,有消息称,派拉蒙公司正在着手将本片进行翻拍。而新版本的将由威尔·史密斯和凯文·哈特联手出演。<sep>  原版的《落难见真情》由约翰·休斯执导,主演为史蒂夫·马丁以及约翰·坎迪。影片的故事发生在美国的感恩节假期,为了和家人一同庆祝感恩节,广告商人尼尔(史蒂夫·马丁)坐上了飞往芝加哥的飞机,在机场,一个名叫德尔(约翰·坎迪)的粗俗男子让他无法忍受,不幸的是,他们在飞机上竟毗邻而坐。本以为忍过两个半小时的旅程就可逃出生天,没想到暴风雪的袭来让飞机更改了航线。 <sep>  在误打误撞之中,尼尔和德尔住进了同一个房间,屋漏偏逢连夜雨,小偷的造访又让他们丢掉了所有的家当,无奈之下,两人只得搭火车回家。随着时间的流逝,尼尔发现德尔的个性并非表面上看起来的那般教人无法忍受,两人的关系也渐渐亲密起来。可是,事情并没有就此结束,在一次又一次的意外中,尼尔觉得家离自己越来越远。在一路嬉闹之后,整部影片以温情收场。徐峥<sep>的《人在囧途》就在诸多方面,借鉴了本片。<sep>  目前,该片正在筹拍阶段,暂无具体的拍摄与上映安排。<sep>  文/云猫猫<sep>(责编:Koyo)
网友玩梗为顾里庆生 郭敬明:好怕生日变成节日	2020年08月18日 21:42	  新浪娱乐讯 8月17日是<sep>电影人物顾里的生日,不少网友都在微博晒出顾里的经典台词为她庆生,顾里生日的词条也登上热搜。晚间,《小时代》作者郭敬明<sep>在微博发文喊话顾里:“顾里,你已经在热搜上挂了很久了,你不下来吗?今天的微博小时代含量真的超标了!我感觉自己看评论都把《小时代》1-4重新看了一遍,带语音那种。我好怕这样下去顾里生日会变成一个节日啊,哈哈哈哈哈。而且818这个日子也是很有灵性了。‘姐妹们,让我们来818。’”
电影《八佰》热血催泪 王千源张译对手戏火花四溅	2020年08月18日 00:03	  新浪娱乐讯 8月17日,电影《八佰》在华谊兄弟影院举行上海媒体看片会,八百壮士固守四行仓库,用热血和生命守家卫国的故事深深感动和震撼了现场观众。电影《八佰》也将于8月21日全国上映,也将在8月17日到8月20日继续点映。 <sep>  据悉,电影《八佰》取材于1937年淞沪会战的一役,导演管虎将视角聚焦在战争中底层小人物身上——他们都是有父母子女,有兄弟姐妹的芸芸众生,这些普通士兵克服对死亡的恐惧,展现出一幅英勇顽强的抗战群像。八百壮士固守四行仓库,用热血和生命守家卫国的故事深深感动和震撼了到场观众。“看哭了”成为被大家频频提到的关键词。有观众说:“到了泪点哭得发抖,中华民族的无畏精神是不可磨灭的。” <sep>  电影《八佰》汇聚了一众实力演员,在导演管虎的镜头下,演员们奉献了自己演技的高光时刻,首轮看过影片的观众对片中演员的表现赞不绝口,称这是一部没有明星的电影:“在这部电影中,演员是为剧情服务的。豪华的主演阵容用演技演活一个个角色,欧豪、魏晨、唐艺昕、李九霄等年轻演员也将角色演绎得恰到好处。”王千源、张译、姜武延续高水准发挥,他们的对手戏可谓火花四射。   值得一提的是,《八佰》是亚洲首部全片使用IMAX摄影机拍摄的商业电影。电影中,一条苏州河分隔了仓库与租借,地狱天堂,形成强烈对比,给予观众强大的视觉冲击力。(奋斗乌托邦/文)<sep>(责编:烩饭)
韩影票房:《邪恶中》蝉联冠军 严正花喜剧片第二	2020年08月17日 14:09	  <sep>  名次 片名 上映时间 占有率 周末人次 累计人次<sep>  1[1]<sep> 2020/08/05 51.1% 841,537 3,543,252<sep>  2[新]<sep> 2020/08/12 34.6% 574,181 779,433<sep>  3[2]<sep> 2020/07/29 4.7% 87,777 1,721,641<sep>  4[3]<sep> 2020/07/15 2.5% 42,796 3,779,005<sep>  5[新]<sep> 2020/08/12 1.6% 29,945 40,172<sep>  6[新]<sep> 2010/07/21 1.4% 24,768 5,982,918<sep>  7[4] <sep> 2020/08/05 1.1% 20,224 119,060<sep>  8[36]<sep> 2020/08/13 0.8% 11,823 14,746<sep>  9[32]<sep> 2020/07/16 0.2% 5,233 22,751<sep>  10[45]<sep> 2020/08/13 0.3% 4,574 8,106<sep>  韩国最新票房榜出炉,黄政民、李政宰主演的动作片<sep>凭借超过8成的市场占有率,再次蝉联榜单冠军。影片在上映的第二个的周末,共吸引84.1万人走进电影院,观众总数突破350万大关。<sep>  严正花、朴圣雄等主演的喜剧片<sep>新片上榜排在榜单第二位,该片讲述了一对夫妇在生平第一次海外旅行中,意外卷入了劫持飞机的事件,他们收起平凡的过去,通过一直隐藏的内功展开营救作战的故事。影片在周末三天时间里,迎来57.4万观众观影,市场占有率超过3成。<sep>降至榜单第三位,影片在上映的第三个周末,迎来不足10万观众观影,累计观众数突破170万,增长略显不足。<sep>顺次降至榜单第四位,一周以来观众数增长8.6万人,影片上映一个月是榜上最长寿的作品。<sep>  乌克兰动画片<sep>新片排在第五位,影片讲述了梦想成为骑士的流浪艺术家鲁斯兰追寻被偷走的公主,克服了所有的障碍,并证明真爱比魔法更强大的故事,周末共吸引近3万观众观影。2010年的经典影片<sep>重新入榜,有2.4万影迷重温此片,影片在韩国的累积观众数逼近600万大关。<sep>  托尼·班克罗夫特执导的动画片<sep>降至榜单第七位,影片的市场占有率、周末观众数两项数据约为上周同期的一半,累积观众数突破10万大关。台湾惊悚片<sep>新片入榜排在第八位,共迎来超过万人观影。<sep>  罗根·费纳根执导的恐怖片<sep>新片上榜排在榜单第九位,该片由,伊莫珍·波茨,杰西·艾森伯格出演,讲述了一个年轻的女人与未婚夫被困在了迷宫一样的房子里,被迫抚养一个非现实世界的小孩的故事。法国同性影片《水仙花开》紧随其后,本周榜单垫底,值得一提的是,两部影片都曾在戛纳电影节上放映。(雪莉天才)<sep>(责编:肉圆)
2020最美表演首曝海报:许凯王子异秦昊眼神有戏	2020年08月17日 11:37	  新浪娱乐讯 由新浪娱乐重磅策划的2020年《最美表演》于今日曝光第一批演员阵容海报。海报中三位演员——许凯、王子异、秦昊形态各异,许凯身着白色T恤,双手背后微微蹙眉仰头俯视,王子异同样一身白色T恤单手抚眉仰视上方,秦昊则身着白色工字背心,手缠绷带额发湿润,转身目视前方。三位演员白色服饰与暗色背景相呼应,神情或疏离或深思,充满神秘与故事感,引发诸多期待。<sep>  2020年《最美表演》以“蓄力向上”为主题,“蓄力”是对目标坚定,对理想保持努力的状态,为了实现目标去奋斗的过程,“向上”是一个结果,它可能不必然表现为世俗意义上的成功,而是不管顺境或逆境,都会努力寻找方向的精神,是一种克服困难、积极向上的态度,以及为摆脱困境、不断向前的韧性。《最美表演》意在通过演员对短片中不同人物和故事的演绎,展现出努力克服困难、突破自我,积极向上的精神风貌。在2020年艰难与希望并行的大环境下,从国家到社会到大众都在积蓄力量,迎接下半年重重挑战,“蓄力向上”于这样的背景中更具有时代意义。<sep>  据悉,《最美表演》将陆续公布演员阵容,接下来还会有哪些演员参与其中,又会诠释怎样打动人心引起共鸣的角色和故事,敬请持续关注! (林怡文/文)<sep>(责编:小万)
李政宰黄政民主演《从邪恶中拯救我》突破盈利点	2020年08月17日 11:23	  新浪娱乐讯 李政宰,黄政民主演的《从邪恶中拯救我》上周末又一次夺得韩国周末票房冠军,观影人数也顺利突破了盈利分界点。<sep>  据韩国电影振兴委员会今天发布的最新数据,《从邪恶中拯救我》上周末三天在韩国动员84万1000名观众,总观影人数达到354万3000名,正式突破了作为盈利分界点的350万观影大关。<sep>  韩国电影《OK Madame》、《铁雨2》、《半岛》分别排在了周末票房榜第二位至第四位。吕东垠/文 版权所有Mydaily禁止转载<sep>(责编:肉圆)
美国AMC影院将恢复营业 8月20日当天只售15美分	2020年08月17日 08:51	  还记得前不久国内电影院时隔半年终于开业时的场景吗?毫无疑问,电影院是新冠疫情冲击最大的行业之一。在长达半年的停业过程中,影院行业资金链彻底断裂,直接掉入了冰河。大量电影院因为无法承受而就此退出市场。<sep>  美国同样如此。各州政府在疫情压力下,制定了各种措施限制商业活动。为了避免室内密集疫情风险,电影院和酒吧、商场、博物馆一样,成为了防控最严格的商业场所。美国最大的连锁电影院AMC Entertainment从3月中旬开始就一直停业至今,旗下全美各地600多家电影院全部关门。<sep>  最初AMC宣布停业的时候,只是预计最多关门两到三个月时间。当时美国还是每日新增确诊病例接近1万例的级别。但现在时间已经过去了五个多月,眼看着夏季都快过去了,美国疫情非但没有减缓的迹象,反而在近期加剧攀升。目前美国确诊病例已经超过540万例,而且还在以每天数万的速度增长,8月14日就新增确诊病例6.4万例。<sep>  过去五个月时间,AMC已经数次推迟了重新开业的时间。但这一次他们实在等不住了,再不开业真的就要破产倒闭了。为此,AMC甚至还在上个月起诉新泽西州长,要求重新营业。<sep>  在推迟数次之后,AMC本周终于宣布,旗下美国19个州的100多家AMC电影院将从8月20日开始恢复营业,9月初还有会有300多家电影院开门。为了吸引消费者回到电影院,AMC还推出了新的营销活动“以1920年的票价看2020年的电影”(Movies in 2020 at 1920 Prices),即8月20日当天所有电影票只售15美分(约合人民币1.1元)。AMC于1920年创办,今年正好是他们的百年纪念。<sep>  虽然获准重新营业,但疫情压力之下,AMC也宣布了观影限制措施:入场观众必须全程戴口罩,而且上座率不能超过30%。此外,AMC还会提供免洗的手部消毒液,并定期对电影院进行消毒。但观众在黑暗中是否会遵守口罩要求,显然全凭自觉了。<sep>  在AMC歇业的这五个月时间,美国的电影市场遭遇了毁灭性打击。今年1月23日当周美国电影票房收入还有2.46亿美元,到了3月12日当周则是1.34亿美元,随后就因为经济停摆而直线跳水到几十万的级别。在疫情期间,传统复古的汽车影院倒是再度受到民众欢迎。<sep>  AMC今年6月公布了第一季度财报。当季营收较上年同期下降了22%,但停业影响最大的第二季度财报还没有公布。当季AMC还有现金储备7.2亿美元。但AMC却背负着沉重的债务负担。在疫情之前,AMC的债务就高达47.5亿美元。今年7月,AMC和债权人达成协议,暂时解除了6.4亿美元的债务压力,从而躲过了破产的命运。<sep>  由于AMC遭遇债务危机和疫情冲击,市场还传出了亚马逊可能收购这家连锁电影院的消息,但很快遭到否认。亚马逊实际感兴趣收购的是制作了《绝命毒师》等经典美剧的AMC Networks。收购后者能够继续增强亚马逊影视剧的原创制作能力。<sep>  AMC推迟重新开业还有一个重要原因:现在真的没什么新电影可以上映。好莱坞所在的洛杉矶是美国新冠疫情最为严重的地区,直接影响到了电影制作与拍摄。而由于疫情导致经济停摆,原先一些定于大银幕上映的电影纷纷被投放到流媒体平台或是无限期推迟。<sep>  受此影响,8月24日重新开业之初,AMC只能上映一些经典老电影《盗梦空间》、《黑豹》、《回到未来》等,电影票仅售5美元,相当于平时电影票的二分之一或者三分之一。最近值得期待的大片只有迪士尼《新变种人》(New Mutants)将于8月28日上映,克里斯多弗·诺兰(Christopher Nolan)的年度大片《信条》(Tenet)将于9月3日在美国上映。<sep>  在疫情期间,汤姆·汉克斯(Tom Hanks)的二战反潜艇大片《灰猎犬号》仅仅以7000万美元的价格就卖给了苹果Apple TV+,原本指望票房分红的影帝汉克斯是欲哭无泪。迪士尼花了7500万美元买来的音乐剧电影《汉密尔顿》也直接提前投放在Disney+上,但随后迪士尼却不愿在流媒体平台上赔本送出《花木兰》,决定在Disney+平台上以30美元的价格提供《花木兰》点播服务,这已经相当于两张正常的电影票了。<sep>  虽然AMC可以获准开业,但疫情专家却警告民众:在现在的疫情形势下,去电影院里看电影依然是一种高风险行为。15美分的电影票背后,是直接暴露在新冠病毒下的危险。得克萨斯州的新冠疫情特别工作组将电影院看电影列入高风险行为,和健身房锻炼以及在自助餐厅吃饭属于同一个危险级别。专家认为,尽管观众被要求全程戴口罩,电影院也只能允许30%的观众入内,但要在电影院的空调凉风下一坐两个小时,依然可能暴露在病毒下。<sep>(责编:哈哈大王)
《姜子牙》定档国庆 首部“春节档”大片回归影院	2020年08月17日 01:00	  新京报讯 (记者 李妍)8月16日,与“哪吒”同属封神宇宙的动画电影《姜子牙》正式定档2020年国庆,成为首部“春节档”大片回归影院。同时,影片发布“太公归来”版预告,首曝“白发姜太公”高燃画面。<sep>  《姜子牙》是“神话三部曲”之一,电影制作历时四年, 将封神故事中的姜子牙进行创新改编“去神化”,讲述他在“初心”与“天命”之间的艰难抉择。在主题上,影片对传统神话进行大胆改编,打造了一个全新的“东方英雄”。不同于“哪吒”、“大圣”所打造的理想化、超我的形象,姜子牙更像是现实中充满迷茫与困惑的我们,极具现实共鸣感。据悉,影片将于10月1日正式上映。<sep>  新京报记者 李妍<sep>(责编:vhaha)
威尔史密斯制作公司10员工确诊新冠 暂未全面停工	2020年08月15日 16:05	  新浪娱乐讯 据台湾媒体报道,新冠肺炎疫情严峻,统计至8月14日止,全球确诊病例已达2千多万人次,死亡病例为755719人次,致死率达3.62%,而好莱坞也无法幸免,男星威尔·史密斯(Will Smith)与48岁老婆贾达·萍克特·史密斯(Jada Pinkett-Smith)共同创立的制作公司《Westbrook Inc。》近日也爆发群聚感染,多达10名员工确诊,该公司也发声明也证实了此事。<sep>  根据外媒《Variety》报导, 威尔史密斯所创立的制作公司《Westbrook Inc。》是自全球新冠疫情爆发以来,首家出现群聚感染案例的制作公司,有多达10名员工受到感染,但公司只暂停了部分节目拍摄,未有全面停工。<sep>  对此,《Westbrook Inc。》日前发出声明回应,称染病的员工已经停工,与他们曾接触过的工作人员也都在自主隔离中,至于先前被确诊的10名员工,已经做了2度测试,如今已呈阴性反应,“我们将会继续跟随官方的指引以及安全守则,配合卫生局调查起因。”据悉10名确诊的员工之前没有任何新冠肺炎的症状。而制作公司也未有因此全面停工,除了确诊及有过亲密接触的剧组以外,其他节目仍在继续拍摄中。(ETtoday/文)<sep>(责编:Koyo)
露比罗丝亲揭辞演《蝙蝠女侠》背后原因	2020年08月15日 15:32	  新浪娱乐讯 据台湾媒体报道,澳洲女星露比·罗丝(Ruby Rose)素来有“全球最帅女生”的称号,2019年初才刚接下DC女性超级英雄影集《蝙蝠女侠》,没想到在2020年刚播完第一季,她就突然辞演,让观众震惊不已,她日前在受访时才透露,自己退出其中一个原因是她身上有伤,无法完成需要大量动作场面的戏。<sep>  露比·罗丝在《蝙蝠女侠》当中饰演蝙蝠侠的表妹“蝙蝠女侠”凯特凯恩,她在布鲁斯韦恩神秘失踪后,代替黑暗骑士掌管高谭市的秩序,而露比·罗丝在剧中的表现也深受观众喜爱,没想到就在CW电视台宣布将续订第二季之时,她却突然退出,当时也并未明确透露离开原因,仅表示那是自己在经过详细考虑后,所做出的抉择。<sep>  露比·罗丝近日在接受《Entertainment Weekly》采访时才透露,自己辞演的真正原因:“当一个超级英雄的女主角非常艰难,不过在任何戏里面当主角都很难,但是我想最主要的原因是,对还在手术中复原的我来说,会更加困难,我在动完手术10天后,就必须回去拍戏,但那并不是个好主意,大多数的人都必须休养3周至一个月才能回去工作,身上带着伤去演动作戏更困难。”<sep>  不过身上的伤势只是辞演的一部分原因,另一个原因其实是因为新冠疫情,这次的停拍让露比·罗丝对自己的未来有了更多想法,“因为疫情的关系,我们当时候根本就没有拍完第一季真正的结局就杀青了。在隔离的这段时间,当你处在一个只有自己的空间,你会想很多不同的事情,关于我生命中真正想要的是什么,我真正想达成什么事情,我想了很多。除此之外,我真的也很感谢《蝙蝠女侠》的剧组一直以来这么尊重我。”<sep>  事实上,《蝙蝠女侠》第二季已经找到了新的“凯特凯恩”,她就是同样已经宣布出柜的双性恋女星贾维西亚·莱斯利(Javicia Leslie)。(ETtoday/文)<sep>(责编:Koyo)
广东陆丰市电影院被叫停营业 14日新增1例确诊	2020年08月15日 15:00	  新浪娱乐讯 陆丰市人民政府新闻办公室“今日陆丰”微信公众号8月15日发布紧急通知,要求陆丰市电影院暂停营业。通知称,陆丰全市各电影院自2020年8月14日晚21时起暂停营业,具体恢复营业时间另行通知。请各影院做好清场后场地消杀等防疫相关工作,并做好停业期间影院安全生产相关工作。<sep>  <sep>(责编:Koyo)
年年被嘲的北影节海报,今年“翻身”成功了吗?	2020年08月15日 14:45	  <sep>  每年,北京电影节似乎都能引发一次全民大讨论,虽然大家讨论的话题并不是电影,而是海报。<sep>  <sep>  昨天,北影节刚刚官宣主海报,以“源远流长”为主题,包含风车、胶片、放映机和数字“10”等元素。<sep>网友们面对今年的海报纷纷评论“好看”,“比之前好多了”,第十届北影节的海报好像终于“打了一场翻身仗”。<sep>  但其实,这一似乎成功的“翻身之作”是建立在已经引发了巨大争议的先导海报之上的。7月28日,北影节公布了以天坛、风车等为元素的十分具有现代感的先导海报。与往年海报引发一致“群嘲”不同的是,今年的先导海报引发了“两极分化”的评价。<sep>  争议延续至今,某种程度上甚至稀释了大家对于主海报的讨论。在主海报公布之后,网友们也还是会把它和先导海报进行对比。对于喜欢先导海报的人来说,先导海报“高级”,主海报“太土了”;而对于不喜欢先导海报的人来说,先导海报“颜色别扭、字体生硬,看起来不舒服”。<sep>  审美本身就是主观的,即使在设计圈内,大家对于两幅海报也都有自己的看法。锦里文化的电影海报设计师告诉小娱,虽然他更喜欢先导海报的设计感,但是仍然觉得它画面的呈现不如主海报。但也有设计师认为先导海报不好看,版式也特别中规中矩。<sep>  <sep>  这种口碑分化可能要从这组先导海报的设计师说起。刘治治,既是平面设计师,也是中央美院的老师。<sep>  今年先导海报设计会交到刘治治和他的工作室手上,其实是北影节期待“转型”的表现。<sep>  根据刘治治在接受媒体采访时的叙述,经历了去年的“被群嘲”之后,北影节官方是希望通过与专业设计团队的合作来扭转口碑的。所以才会邀请刘治治和团队来进行设计。最终,他们给出的设计也是具有先锋性和实验性的,还运用了动态海报的呈现方式。<sep>  六本木图文设计的创始人张海峰告诉小娱,这次先导动态海报是花了很大心思的,虽然最终表现效果一般,但在形式感上已经是有很大改变了。<sep>  可能也正是由于这种设计和往年相比实在不太寻常,最后主办方还是没有选择它作为主海报,而是作为先导海报。先导海报在电影发行推广中很常见,但对于北影节来说,却是首次。<sep>  先导海报的意义本身就在于它可以有更大的创意空间和更先锋的艺术表达。从这个角度来说,北京电影节的这次尝试无疑是非常成功的。它不仅给今年的北影节带来了很大的热度和讨论度,也是一次对于海报风格的突破与试水。<sep>  再看主海报,根据组委会的介绍,整个海报“源远流长”的主题包含了“源”、“远”、“流”、“长”四层含义。“源”是源于一座城的天下视野,“远”是远达一群人的优雅姿态,“流”是流淌一个国的共美气度,“长”是长葆一个梦的兼济胸怀。<sep>  相比往年,今年的主海报普遍被认为终于“审美在线”了,尤其是与去年相比,就是“质的飞跃”。但是从设计师的角度来看,它虽符合大众审美,却并没有革命性突破。张海峰先生评论说“只是因为过去太差了,所以稍微有点专业水平的设计师做出来新的海报,都能感觉提升更大。不过设计出这么一张有一些设计味,有一些创意,又不是眼前一亮的中规中矩的设计,也是各方博弈的一个最好结果。”<sep>  <sep>  其实回溯这次争议的原点:符合大众审美是否是设计师应该考虑的?<sep>  刘治治曾经在采访中将中国划分成三个人群:设计人群,官方人群,普通人群。这三个人群相互不理解,也非常难以沟通,这是造成中国设计行业难出好作品的重要原因。似乎任何设计都无法同时满足这三类人群的需求与期待。在我们的采访中许多设计师也发出类似的关于平衡设计理念与大众审美之难的感叹,这是行业内存在已久的问题。<sep>  设计的本质是创造,也是服务,它是根据所服务对象的需求再进行自我创造。今天我们常常将设计和艺术割裂开,艺术是非营利的,是属于少数人的,而设计是商业化的,是需要走向大众的。但如果从艺术的角度去思考设计,我们也许就能够在一定程度上理解设计,毕竟,今天被我们奉为经典的很多艺术作品,如《蒙娜丽莎》、《大卫》等等,在当年也就是接受客户的“订单”后完成的创作。<sep>  今年的主海报是北影节组委会在过去一年多的时间里,通过定向约稿和向全社会征集的形式,最终在300多幅海报中选出来的。与今年其他国内电影节海报相比,都有各自的特色和风格。不论大家如何从自己的审美角度去评论,但都还是认可这次北影节海报的用心程度的。<sep>  你喜欢今年的北影节海报吗?<sep>(责编:Koyo)
徐峥回应《囧妈》转网播 一部电影不会影响行业	2020年08月14日 15:49	  五组导演联合执导的喜剧电影<sep>定档2020年国庆节上映,作为导演之一的徐峥<sep>一直在筹备自己的部分,同时也处理着公司的各个监制项目。<sep>  这次专访是继<sep>上映之后,新京报记者与徐峥的第一次对话。从热闹的春节档到30%上座率限制的影院复工,电影市场发生了巨大变化,也给徐峥的创作和心态带来了不同的影响。对话的主题从徐峥的新片、即将进行的公益直播卖电影票、喜剧创作,到无可避免的,直面那些曾经的质疑。徐峥很坦然,他觉得尽管已经做好了面对不同立场言论的准备,但彼此的交流还是太少了。<sep>  <sep>  <sep>  徐峥说,去年上映的<sep>他就是最后一个“交作业”的,那时正在同期拍《囧妈》,进度比较慢,因此到了《我和我的家乡》,就希望能早一点开始。原本计划是3、4月刚好可以拍到油菜花,但赶上疫情发生,拍摄计划一直拖延。到了可以开拍的时候,拍摄地浙江千岛湖又碰到洪水,徐峥只好把其他部分先拍完,等着天气好转再去补拍。“所以我又变成了最后一个交的。”<sep>  这次创作被徐峥称为是文艺工作者的使命与国家文化输出的结合,他觉得能够在这样的题材里贡献自己的一份心力很荣幸,但难点是怎样把专业度的认知和主题有机结合好。<sep>  做了多年电影,徐峥说最大的体会就是创作者应该尽力去满足观众的心理需求,这种满足在于让观众感受到温度和暖意。“观众笑着离开影厅是满足,流着泪离开影厅也是满足。说明观众在娱乐的同时也希望获得心理的满足感,也就是感受到爱、温暖和情怀。而这一切的前提是不能违背艺术创作的规则。” <sep>  与此同时,徐峥还计划做一个以疫情为背景的电影短片集。疫情期间每当有人被困到车上、被困到医院里的新闻出现时,总会有网友在微博@徐峥,说他应该去把这些人的故事拍下来。当更多小人物的故事和他们真实质朴的情感出现时,徐峥觉得自己应该开始制作了。<sep>  虽然还没有完整的构想,但徐峥先梳理了一下哪些故事的版权是可以做的,并已想好以短片集的形式出现,是全景式的描述。徐峥觉得,长篇电影、两个小时的时间重点讲述一个人物,承载的内容会更复杂和沉重,但新闻里的这些普通人,能够清晰看到核心的点,“很多人想挖掘英雄人物是怎么想的,其实并没有那么多的想法,善良本身就是很简单的,所以我也想用相对简单的方式呈现。 ”<sep>  <sep>  <sep>  疫情改变了原来的生活,有一段时间明星带货突然变得很热,一起吃饭的时候有朋友问徐峥,你怎么不去带货卖点东西啊,徐峥回答说算了,“我的抖音号也没有流量,对直播也不熟”。但是回家之后徐峥开始考虑,这段时间院线太艰难,电影院迟早要复工,总要做点什么帮他们。徐峥想那不如就卖电影票吧,策划一场公益直播。<sep>  有了想法之后徐峥挺兴奋,但随着不断推进,他发现要联合各家平台,协调好院线、制片方、主管部门,全部整合起来非常复杂,技术团队则为了新功能要开发一个多月,测试一直要持续到直播当天。无可避免的,这次帮助影院复工的活动话题又落到了徐峥与院线方的关系上。“会担心到时院线方有一些不理解的声音出现吗?”<sep>  徐峥很坦白的说,有朋友在疫情期间发给他一些文章<sep>和负面说法,他觉得自己肯定不是为了这些声音来做这件事情的,反而是希望能为在艰难时期默默承受并报以理解的人们做些什么。“互联网舆论下,没有十全十美的评论,我希望同行看到的是我的初心。”<sep>  <sep>  <sep>  在徐峥微博发布的影院复工新闻下面,网友留言第一条是“继续拍好片,下一次我们想在影院看你导演的电影”。<sep>  春节档影片《囧妈》选择“院转网”在当时受到不少争议,甚至有院线方表示今后会抵制徐峥的其他电影,徐峥当时并没有做出太多的解释。<sep>  提到此事,徐峥很坦然,他觉得当时大家各自有各自的立场,别人做出什么样的反馈自己都可以理解,但似乎一直都没有交流的空间,这才激化了矛盾。<sep>  “首先,《囧妈》上线只是这一部电影的决定,不可能把电影产业改变,也不可能把院线搞垮。这是特殊时期才产生的特殊方式,从更大的范畴来看,你不可能做出多么离经叛道、逆转运行的事情。我一个人起不到那么大的决定作用,我只是一个创作者。其次,即便这是我们当初共同的决定,最终的核心还是让观众能看到电影,让观众受惠。”<sep>  选择网络上映后,徐峥觉得只有一件事对《囧妈》这部电影来说稍微有点遗憾。<sep>  当时被誉为近几年最强春节档的电影纷纷撤档,网络平台免费放映也让《囧妈》在最短时间内被更多的人看到,用现有的观看数量换算成对应票房,徐峥觉得对于这样一部电影,这个数字是不正常的。“电影本身还是有门槛的,你喜欢它才会推荐给所有人,最终吸引来的都是它本身的观众群。但是网络放映后大家都在议论,正好是过年期间,很多人都是拿着手机放映,边炒菜边看,没法专注于电影想要表达的感情。”<sep>  <sep>  <sep>  与质疑的声音同时出现的,是部分关于囧系列“穷途末路”的讨论。在之前的采访中徐峥也表示最开始并不想把新片片名定为《囧妈》,而是更想叫《开往莫斯科的妈妈》或《妈妈要去莫斯科》。<sep>  徐峥觉得,并不是自己对这个系列感到疲惫或者创作上遇到困境,而是作为创作者,对于这个系列的认知和大部分观众的固有期待产生了变化。大部分观众受到《泰囧》<sep>的影响,把“囧系列”看成有充分喜剧基因的传统公路喜剧片,当大家讨论“囧系列”的时候,其实想看到的就是主角在不同国家闹出不同的笑话。但是徐峥眼中的“囧系列”早已不仅如此,“我在主题里植入了很多自己对生活的理解和思考,拿同行的话来说就是在公共IP里植入私货。这样的结果就是一部分观众能理解并觉得挺好,另一部分理解不到的就觉得怎么不好看或者不是想象中的样子了。”<sep>  虽然“囧系列”带给过徐峥巨大的成功,但他不想用地名再去消费这个品牌,“不做‘囧系列’之后,我甚至可以不做公路喜剧;如果我做公路喜剧,也可以不叫‘囧’。”<sep>  从最初的《疯狂的石头<sep>》到“囧系列”,“喜剧大师”成了徐峥的标签,似乎他出现在观众面前,就必须让观众笑。直到<sep>,才让观众重新看到了严肃又专业的演员徐峥,这部电影更多收获的是观众和同行给予的尊重感。<sep>  与徐峥合作过的人都说生活中的他并不是个喜欢搞笑的人,甚至还略带严肃,时常焦虑。怎样做喜剧,做更不一样的喜剧,徐峥比别的创作者付出了更多的研究和尝试。他也不觉得自己是个喜剧演员,而是把自己定义为可以演喜剧的演员,希望用喜剧的方式让观众打开、放松,然后再开始讨论。在徐峥看来,喜剧并不是消解表达或力量,而是提供了一种第三方的视角,用喜剧的方式可以稍微轻松、调侃、抽离一些,大家会更容易接受。<sep>  <sep>  <sep>  从《泰囧》开始,徐峥就被冠上了爆款制造者的名字,不仅通过“囧系列”和《我不是药神》拓展了喜剧题材和现实主义题材的创作,也拓展了中国电影市场票房的体量。<sep>  然而徐峥很早以前就承认,自己没有“一夜成名”的命,每一步都是自己一点点争取来的。<sep>  宁浩<sep>筹拍<sep>时,徐峥毛遂自荐饰演奸商老板,不要片酬,只因为剧本足够好。演<sep>,刘仪伟<sep>常看到他拿着剧本反复修改。到导演处女作《泰囧》,他会拿剧本给人讲,观察对方的反应,修改后换另一个人再讲一遍。为了给《港囧》选最具代表性的场景,他领着整个创作组勘景,把行程安排得满满当当,不漏过任何一条小巷。<sep>  徐峥坚信,慢才能打磨出好的作品,哪怕再忙,他也要把自己内心的节奏压得慢一点,完成一部作品之后,就去游学、上课充电,想好的剧本先放一段时间,再去考虑有没有拍摄的必要。对于扶持的新人导演也是同样的态度,别着急想着拍电影,先花几年把剧本写好再来,<sep>和《我不是药神》的剧本创作都经历了两年以上。徐峥说自己并不是没有失败过,只是把所有的工作都前置,把失败也放在最前面。<sep>  “自省”和“成长”,是徐峥自认为的主题,每部电影上映后,他都会“复盘”自己的表现,哪段表演应该再好一点,哪件事情当时应该再多考虑一点点,与之对应的,他喜欢有戏剧冲突的角色,能在电影里不断地成长,也让他在电影外不断地成长。<sep>  <sep>  <sep>  从监制小成本电影<sep>开始,徐峥参与到更多制作层面,一脸严肃地和观众探讨创作,探讨喜剧的未来。之后他又监制了《超时空同居》<sep>和《我不是药神》,尝试不同的类型,不遗余力地帮助新人导演,并坚持在自己的身份职责范围内,从来不干预导演。<sep>  文牧野<sep>导演曾经在采访里讲过,当时他很怕爱改剧本的徐峥会修改自己已经打磨了两年的《我不是药神》剧本,担心还是新人导演的自己会和监制、主演双重身份的徐峥有意见分歧。<sep>  没想到徐峥提前来到剧组,每天读一遍剧本,和大家讨论,听大家给他的表演提意见,哪怕认为文牧野每场戏都要反复拍摄好几条的习惯没必要,也积极配合,从不在导演层面质疑文牧野,甚至一段上楼的动作都可以拍整整一天。<sep>  从业几十年,徐峥说很难碰到让自己心动的剧作,然而无论在哪种身份里,他最看重的,还是剧作。“剧作是基础,有了这个基础其他才有可能,如果剧作不行,演得再好都会垮掉。我觉得是融会贯通的,你的出发点对了,才能让其他工种在对的路上。”<sep>  <sep>  <sep>  <sep>  <sep>想去看看<sep>。那天官宣上映时间后,所有电影人都在朋友圈刷屏转发,这样的电影凝聚了电影人巨大的创作力和心血,也因此才有了这么多人的关心。即使不评判最终的票房,光是准备和拍摄工作,都值得业内和观众的尊重。我觉得中国有一群特别有热情的电影人和观众,只是我们需要经历一些困难时期。我希望大家都能早点回到正常,压抑的能量能够释放。<sep>  <sep>  <sep>还是会根据内容特性来选择介质。疫情后可能大家会更需要喜剧片,娱乐层面也需要影院里有一些笑声,而像《我不是药神》这类更加有社会热点,更加关注现实的电影,我相信未来会更受欢迎。也有一些内容大家在选择的时候会更加谨慎,有可能这些内容会往网络转化,目前我也判断不好。<sep>  国内的流媒体发展相对还是比较传统的,选择流媒体还是进院线的探讨也容易极端。其实很多媒介的特质是无法取代的,应该是各有各的空间。比如刚发明电影的时候,有人担心舞台剧没人看了,等发明了电视,又担心电影要死了,互联网来了又担心电视要没了......可现在不都还存在吗,我也经常去看话剧、舞台剧。<sep>  <sep>  <sep>我觉得一定会有人制作出中国式的喜剧。因为中国有自己的喜剧形态,不管是相声、小品还是我们的各种艺术形式。中国的创作者迅速产生内容的能力是很强的,所以它会随着潮流不断去更新喜剧的形式,再加上电影这种比较综合的艺术形式,一定会吸收精华做出中国式的喜剧。融合类型、搞笑方式、探讨主题、拍摄形式,而且中国人口足够多,创作者甚至不太需要去思考怎样照顾国外的观众,只要让中国观众爱看就基本足够生产和消化。对于新人导演这是个优势。<sep>  至于网络电影中的喜剧片,因为愿意看喜剧的人比较多,大家也更挑剔,相声和小品都是免费让大家看到的,付费的院线喜剧电影制作也比较成熟。所以,网络喜剧电影要找到自己的出路。<sep>  <sep>  <sep>一个宁浩一个文牧野,都深谙讲故事的技法,他们的剧本涵盖了很多写作方法论,甚至是严格按照剧作标准来创作的,只是因为完成得足够好,普通观众看不出来。如果有年轻从业者想模仿,我觉得起码他们意识到了这条路是对的,但是否能模仿得好,就要看自己的水平了。<sep>  <sep>  <sep>观众关心的永远是自己能够共情的部分,哪怕你拍一部名人传记,也是可以挖掘到他与普通人共情的部分,否则观众就会远离你。有个很俗的词叫做挖掘人性,讲的就是这个部分,因为观众永远想在看别人故事的时候看到自己,这个故事要跟他有关,哪怕是再奇幻的电影,内核也是在找这些点。 <sep>  <sep>  <sep>产品经理或者为观众服务从来都是创作当中的一种艺术标准,艺术难的就是既要有自己的技艺,也要有方法完成传播。很多艺术家很有气节,坚持自己的表达不去附和,在我看来这是一种不同的选择,在你一定的领悟里面都是可以选择的。还有一种是说我希望你能够解读到,那怎样去解决这个通道,其实也很难,这是不同的选择而已。把商业片做好,也需要很高的技艺。<sep>(责编:小万)
《误杀》重映票房破亿 成复工后首部破亿国产片	2020年08月14日 12:01	  新浪娱乐讯 8月14日中午,《误杀》重映票房破亿,成为电影院复工以来首部重映票房破亿的国产电影。<sep>  该片由陈思诚监制,柯汶利执导,肖央、谭卓、陈冲、姜皓文等出演,去年12月上映,首轮上映收获票房12.06亿元,目前累计票房13.06亿。<sep>(责编:小万)
安东尼·霍普金斯将获多伦多电影节致敬演员奖	2020年08月12日 23:56	  <sep> <sep>(责编:小5)
第10届北京电影节公布主海报 风车与放映机结合	2020年08月13日 11:01	  新浪娱乐讯 8月13日,第十届北京国际电影节发布官方海报,海报主题是“源远流长”,以“风车和放映机”为主视觉元素,转动的风车组合而成的电影放映机投射出一束光,通州大运河映照着神秘辽阔的星河,光影之中,象征着电影人的征途是星辰大海。<sep>(责编:小万)
日本票房:《哆啦A梦》四十周年纪念作夺冠	2020年08月12日 15:50	  日本周末票房排行榜2020年8月8日—8月9日<sep>  周末两天(8月8日至9日)日本国内电影票房榜中,很难得出现了没有外国影片,日本本土电影占据全榜的情况,以往前十中只有一部外国影片的情况也极为少见,但是疫情导致好莱坞新作供应不足,很多作品延期,可能这样的情况还会持续一段时间。<sep>  上周末榜单冠军是8月7日上映的《哆啦A梦》长篇剧场版第40部作品《<sep>》,影片由创下该系列最高票房53.7亿日元的《<sep>》金井一晓导演与川村元气编剧再次联手打造,邀请木村拓哉、渡边直美等担任嘉宾声优,故事基于该系列第一部剧场版《<sep>》原创,讲述大雄与双胞胎恐龙相遇,回到6600万年前的白亚纪冒险的经历,主题曲由人气乐队Mr.children演唱。周末两天时间动员观众33.4万人次,票房收入4.13亿日元,到8月10日上映四天时间动员观众63万人次,票房收入7.61亿日元,一般来说《哆啦A梦》剧场版都能拿到50亿日元的票房,但不知疫情影响会产生多大影响。<sep>  此前连续三周夺冠的贺来贤人主演影片《<sep>》排名降至第二,周末两天时间动员观众16.7万人次,票房收入2.18亿日元,累计动员观众突破262万人次,票房收入超过33亿日元。长泽雅美主演电影《<sep>》上映三周,排名也下跌一位,周末两天时间动员观众12.6万人次,票房收益增加1.8亿日元,累计动员观众153万人次,票房突破20亿日元。<sep>  龙星凉与犬饲贵丈双主演的新片《<sep>》排名第四,影片改编自井上坚二原作、吉刚公威作画的同名漫画,由执导《<sep>》等作品的英勉导演执导,讲述龙星凉饰演的史上穿衣最少的主人公伊织,以及犬饲贵丈饰演的帅气御宅耕平原本梦想着丰富多彩的快乐大学生活,却在加入跳水圈子后过起了“全力脱衣系”生活的故事。<sep>  2019年播出讲述泰罗奥特曼儿子泰迦奥特曼故事的电视系列剧场版《<sep>》初登场排名第五,影片由井上祐贵主演,集结了2013年后登场的新奥特曼,与巨大敌人战斗场面华丽。<sep>  还有两部新作是人气女团纪录片,其中日向坂46的纪录片《第3年的出道》排名第六,记录2019年2月组合名由“平假名欅坂46”改为“日向坂46”,有了一个新开始的故事。韩日女子12人演唱组合IZ*ONE的纪录片《Eyes On Me: The Movie》排名第十,收录了她们亚洲巡演台前幕后的故事。<sep>  另外,讲述以舞台演员为奋斗目标、光芒四射的少女们青春故事的原创电视动画《少女☆歌剧 Revue Starlight》加入新内容编辑制作剧场版《少女☆歌剧 Revue Starlight Rondo Rondo Rondo》在日本27家影院上映,排名11,很遗憾未能进入榜单。<sep>  本周将上映的新片有根据推出过动画、舞台剧、小说等各种周边的人气漫画改编的《<sep>》,滨边美波和北村匠海再次合作的青春爱情片《<sep>》,以及《剧场版‘Fate/stay night [Heaven‘s Feel]’III。spring song》、《<sep>》等。(小乔)<sep>(责编:maiko)
《假面饭店》定档 官微头像显示9月4日全国上映	2020年08月11日 20:44	  新浪娱乐讯 8月11日,根据东野圭吾同名小说改编,木村拓哉、长泽雅美主演的电影《假面饭店》在内地定档,官微最新头像显示9月4日全国上映。该片主要讲述刑警新田浩介扮成服务生混入酒店,与酒店前台员工山岸尚美一起追查连续杀人事件的故事。<sep>(责编:小5)
上海影院8月14日起上座率可放宽至50%	2020年08月11日 15:45	  自7月20日电影院陆续开始复工起,影院一直遵循上座率维持在30%以下。但随着越来越多的影片定档,30%的上座率已经不能满足影院复工的热度。<sep>  8月10日起,网传“本周末起全国部分省市电影院上座率限制放宽至50%”的消息,澎湃新闻记者8月11日向上海部分影院求证,确认不少影院已经收到相关通知。8月14日起,除了上座率从30%提高到50%之外,观看片长超过2小时的影片必须中场休息的限制也将放宽,观众可以安心一气呵成观看电影。<sep>  本周五(8月14日)上映的影片中,片长为152分钟的《哈利·波特与魔法石》4K修复3D版,以及提前点映的片长为147分钟的《八佰》,都超过了两小时观影时长的限制,而这两部影片目前的预售状况良好,排片也受到青睐。一位影院工作人员告诉记者,如果强行安排休息,反而可能会让不同场次的观众在影院公共空间聚集,也增加排场的难度,这个中场休息规定“松绑”的通知适逢其时。<sep>  上座率方面,百老汇院线上海区域经理也告知,早在影院复工初期,像百丽宫等几家市区好地段的影院都已经在周末黄金时段实现30%上座率限制下的满座,影院也亟待能够在保证安全的情况下迎来更多的观众。<sep>  目前,在售票网站上,《哈利·波特与魔法石》的预售已达611万元,《八佰》点映票房也超过60万,许多影院已经出现满场售罄的情况。目前已经有部分影院在票务网站上的开售情况开放至50%的隔座售票。<sep>  此外,据红星新闻消息,成都各大影院也已经收到相关通知。成都各大影院接到的具体通知内容是:从8月14日(本周五)起,一、影院上座率从30%提高到50%;二、观看片长超过两小时影片,无需中场暂停休息;三、适当延长场间休息时间,做好通风消毒;四、影院可以售卖饮品,但影院内禁止饮水和进食。<sep>(责编:小万)
成都各影院14日起上座率放宽至50% 不必中场休息	2020年08月11日 14:19	  原标题:成都各影院14日起上座率放宽至50%,不必中场休息<sep>  红星新闻8月11日消息,近日,网络上开始流传“本周末起全国部分省市电影院上座率限制放宽至50%”的消息,红星新闻记者今日向成都各大影院求证,确认影院已经收到相关通知。<sep>  成都各大影院接到的具体通知内容是:从8月14日(本周五)起,一、影院上座率从30%提高到50%;二、观看片长超过两小时影片,无需中场暂停休息;三、适当延长场间休息时间,做好通风消毒;四、影院可以售卖饮品,但影院内禁止饮水和进食。有影城表示,食品可以在厅外吃或打包带走。<sep>  红星新闻记者还获悉:8月14日当天有多部影片上映,其中包括《哈利波特与魔法石》(152分钟)的4K修复3D版。电影《八佰》(147分钟)也将在14日晚上开启提前点映。《哈利波特与魔法石》和《八佰》的片长都超过120分钟,根据此前的规定,影院在播放时长2小时以上的影片时需要安排中间休息,而这一规定也将从14日起正式取消。从本周五开始,去影院的观众们可以一口气从头看到尾了。<sep>  (原标题《成都各影院收到通知:14日起上座率放宽至50%,不必中场休息》)<sep>(责编:Koyo)
老婆顺利产女 “星爵”晒一家三口握手照分享喜讯	2020年08月10日 23:24	  新浪娱乐讯 北京时间8月10日晚,“星爵”克里斯·帕拉特官宣和老婆凯瑟琳·施瓦辛格迎来了两人的第一个孩子, 他在个人社交网站晒出一家三口握手合照分享喜讯,并透露了女儿的全名为“Lyla Maria Schwarzenegger Pratt”。同时,阿诺德·施瓦辛格也正式升级做外公了。<sep>  据悉,克里斯·帕拉特与凯瑟琳于去年6月结婚,今年4月传出怀孕的消息,克里斯曾与前妻安娜·法瑞丝有个8岁的儿子。<sep>(责编:小5)
迪士尼线上发行《花木兰》 英电影院协会公开批评	2020年08月09日 19:31	  新浪娱乐讯 一名法国影院经理怒砸<sep>海报的视频在网上引发广泛关注。起因是迪士尼决定将电影《花木兰》在法国的迪士尼+平台直接上线。同样的情况也将发生在英国。英国电影院协会就公开发表声明,强烈批评迪士尼的这一做法。而相比之下,美国电影院的态度却很微妙。<sep>(责编:小5)
三毛电影版权方发律师函 要求刘晓庆等公开致歉	2020年08月10日 15:23	  新浪娱乐讯 8月10日,凤凰传奇影业官微发布律师函,称对于《流浪的三毛》侵权事件已安排律师团队介入。并敦促侵权方沈阳尊皇力华文化传媒有限公司、刘晓庆女士立即停止一切侵权行为,并向凤凰传奇影业、三毛家属、皇冠文化出版有限公司三方公开致歉。<sep>  近日,有网络传言称电影《流浪的三毛》将于9月开机,对此,三毛电影的版权方凤凰传奇影业同三毛家人、三毛作品版权独家代理皇冠文化出版有限公司联合发布三方声明,称凤凰传奇影业是由三毛家属、皇冠文化出版有限公司唯一指定的全球独家影视版权方,任何就三毛生平进行改编的影视作品均有严重侵权之嫌,要求侵权项目立即停止融资、筹备、拍摄等行为。<sep>  此后,有媒体对疑侵权事实向《流浪的三毛》制片人马力、《流浪的三毛》监制及主演刘晓庆方求证,马力表示,目前情况正在沟通当中。刘晓庆经纪人易先生表示,相关团队正在与有关方面沟通协调,其他不方便多说。两方均表示他们的初衷是出于对三毛的喜爱。<sep>  三毛弟弟陈杰在采访中表示,突然冒出尊皇影业要拍《流浪的三毛》是“无稽之谈”,除了凤凰传奇影业,三毛家人从来没有。并且在合约期间也不会再授权别的影业公司拍摄三毛的生平电影。<sep>(责编:小万)
韩影票房:《拯救我》领先夺冠 《少年的你》坚挺	2020年08月10日 15:34	  <sep>  名次 片名 上映时间 占有率 周末人次 累计人次<sep>  1[14]<sep> 2020/08/05 77.9% 1,389,517 2,025,037<sep>  2[1]<sep> 2020/07/29 10.9% 203,617 1,542,391<sep>  3[2]<sep> 2020/07/15 5.5% 99,656 3,693,324<sep>  4[新] <sep> 2020/08/05 2.7% 52,647 77,023<sep>  5[3]<sep> 2019/05/23 0.7% 14,180 12,710,454<sep>  6[4]<sep> 2020/07/29 0.6% 11,059 67,396<sep>  7[新]<sep> 2017/03/16 0.4% 4,550 6,745<sep>  8[5]<sep> 2020/07/09 0.1% 1,987 65,390<sep>  9[6]<sep> 2020/06/17 0.1% 1,743 414,699<sep>  10[8]<sep> 2020/07/08 0.1% 1,449 177,827<sep>  韩国最新票房榜出炉,黄政民、李政宰主演的动作片<sep>新片上榜,抢占近8成的市场占有率,冲上榜单冠军位置。作为黄政民、李政宰继2013年<sep>之后时隔七年再度合作的作品,该片讲述了黄政民饰演的职业杀手在执行最后一次任务时遭李政宰饰演的神秘男子追杀的故事。在刚刚过去的周末,该片共吸引近140万人走进电影院,上映首周观众数突破两百万大关。<sep>  <sep>降至榜单第二位,影片在上映的第二个周末,迎来20万观众观影,市场占有率达到一成,累计观众数顺利突破150万大关。<sep>顺次降至榜单第三位,周末三天时间里迎来不足10万观众观影,影片上映近一个月共吸引到近370万观众观影。<sep>  托尼·班克罗夫特执导的动画片<sep>新片上榜排在第四位,该片讲述了从小由叔叔鲍勃带大的欧文在马戏团度过了快乐的童年时光,长大后虽生活美满、却只能靠试吃狗饼干为生,鲍勃的意外去世打破了欧文平静生活的故事。<sep>降至榜单第五,凭借1.4万观众的支持,将影片累积的观众数改写为1270万,继续排在影史第12位。中国动画片<sep>继续在榜上停留,周末三天里有超过一万名观众选择了这部影片。<sep>  迪士尼2017年出品的奇幻片<sep>重新入榜排在榜单的第七位,该片根据同名动画电影改编,讲述了少女贝儿为解救父亲而与受诅咒化为野兽的王子朝夕相处,最终用真爱战胜魔法的故事,重新上映后共吸引4550名观众观影。易烊千玺、周冬雨主演的影片<sep>继续在榜单停留,本周排在榜单的第八位,影片在韩国上映一个月,累积观众数超过6.5万人次。皮克斯动画电影<sep>继续紧随其后,本周排在榜单第九位,影片在韩上映的第八个周末共吸引1743人观影。奥斯卡最佳化妆与发型设计奖的<sep>降至榜单第十位,周末三天时间里吸引1449人观影。(雪莉天才)<sep>(责编:肉圆)
《梅艳芳菲》内地定档七夕 胡杏儿郭羡妮等主演	2020年08月11日 12:10	  新浪娱乐讯 8月11日,纪念梅艳芳的电影《梅艳芳菲》发布海报,宣布内地定档8月25日(七夕)公映。该片又名《朝花夕拾·芳华绝代》(《拾芳》),由曾志伟担任顾问,高志森、梁柏豪共同执导,胡杏儿、郭羡妮、林德信主演,江欣燕声演,讲述梅艳芳用生命影响生命的动人故事。<sep>  影片根据真人真事改编,故事从粉丝角度切入,以垃圾柜里捡回被当做垃圾扔掉的梅艳芳的遗物和一众粉丝写给梅姐的信开始,穿插叙事,展现了5个各有特色的主人公,从而带出这位偶像用生命影响粉丝的动人故事,并首次展现了梅艳芳早年一段鲜为人知的珍贵友情。此外,影片中“梅艳芳”一角所穿的大部分服饰都是粉丝在梅艳芳物品拍卖会中合力取得的,配乐也均选自梅艳芳所唱,在视听上为观众留下了充足的想象空间。
