叶一茜毛毛姐加盟爆款星主播 见证后浪种草实力	2020年08月20日 11:28	  由腾讯视频独播的首档电商直播真人秀节目《爆款星主播》,已正式公布于11月播出。节目由沈涛担纲“首席聚星官”,原湖南卫视鬼马主持人关关作为“聚星助力官”倾力加盟,还将邀请到圈内最有影响力的明星和国内顶级流量的好物推荐官倾力助阵,共同见证点评业内“后浪”的“种草”实力!<sep>  根据最新路透,除了已曝光的首发嘉宾带货女王“薇娅”和“奇葩说冠军”肖骁之外, “时尚辣妈”叶一茜、“视频平台人气赛总冠军”毛毛姐也将加盟参与录制。<sep>  叶一茜作为圈内公认的“时尚辣妈”,经常在直播中与粉丝分享日常生活中自己用到的“好物”,这次作为“好物推荐官”参与《爆款星主播》一定会给观众带来更精彩的呈现。<sep>  视频平台网红毛毛姐凭借鲜明的语言内容和夸张演绎广受粉丝喜爱,他的视频作品“农村人跟城里人蹦迪的区别”中的一句台词“好嗨奥,感觉人生已经达到了高潮,感觉人生已经达到了巅峰”,被无数人当bgm。目前“毛毛姐”粉丝已逾3000万,无论是带货能力还是广告效应都成为当之无愧的现象级红人。相信毛毛姐一定会在《爆款星主播》为选手做出切中要害的犀利点评。<sep>  目前《爆款星主播》仍在海选中,随着更多嘉宾阵容和录制花絮的曝光,一定会为网友们带来更多的惊喜。<sep>(责编:明侦探)
《两天一夜》因疫情推迟日程 大幅度减少拍摄人员	2020年08月20日 10:28	  新浪娱乐讯 KBS2人气综艺节目《两天一夜》第四季受新冠疫情的影响,决定推迟预定的拍摄日程。<sep>  20日,KBS相关人士对韩媒表示:“由于最近新冠病毒在首尔、首都圈地区的扩散,《两天一夜》决定延期预定于21日的拍摄。存有一定的拍摄分量,所以不会影响到节目播出。《两天一夜》节目组正在密切关注着新冠病毒扩散情况,将讨论下周的拍摄日程。另外,对拍摄场地及构成等都有进行考虑。随着政府在首尔、首都圈地区实施“社会距离2阶段”政策,今后拍摄时我们也将会积极履行防疫方针。像野外及室内拍摄将采用最少人员运营的方针,把成员以及工作人员的安全放在首位。《两天一夜》节目组从今年年初开始一直关注着疫情变化趋势,不断修改结构进行拍摄,出演者和工作人员也一直致力于防疫工作。就像以往积极履行防疫方针时一样,今后也将安全地制作节目。”<sep>  另外,KBS2人气综艺节目《两天一夜》第四季成员有延政勋、金宣虎、文世允、金钟旼、Dindin、RAVI(金元植)。bnt新闻/供稿 张薇/文 KBS2/图<sep>(责编:肉圆)
"黄子韬与学员热聊 热狗独自坐前面直呼""变边缘人"""	2020年08月20日 00:07	  新浪娱乐讯 8月19日,说唱歌手热狗在微博晒出一张《说唱新世代》的节目照,照片中,黄子韬<sep>坐在热狗身后,和旁边的两位学员热聊,而热狗坐在前面戴着墨镜,显得有点孤单。他配文写道:“只要有心,不管到哪都可以变成边缘人。”<sep>  随后,有网友在评论区给他留言,热狗也一一做了回应。有网友写道:“他们都不是盲人诶”,热狗回复称:“对,我惊了,哪有人录节目不戴墨镜的!我这几年到底经历了什么。”有网友调侃他的年纪不允许让他融入年轻人了,热狗也翻牌回复道:“我还年轻,这就是新世代找我的原因(漂亮的双押)。”
马思纯发文大夸李诞 称其中年得志台上台下一个样	2020年08月19日 23:02	  新浪娱乐讯 8月19日,综艺《脱口秀大会》更新,马思纯<sep>在节目播出后发文夸赞李诞<sep>,她写道:“《脱口秀大会》是我最近半年的欢乐源泉,一下子从第一期反反复复刷到今天这期。不能不说,诞总是个有想法的男子,中年得志。而且最难得是,他台上台下一个样,不装,当然他也没机会耍帅。但是这份真诚值得我继续追他的节目。(我向他表达我对节目的爱,他让我夸他。)尽力了。”李诞见状在评论区回应称:“括号之外的都是真情实感,很感动,有品味,替你开心。 ”
艾福杰尼《泥巴小子》备受期待 综艺加持全面开花	2020年08月19日 15:38	  近日,著名说唱歌手、音乐制作人艾福杰尼又披露一首专辑内新歌《候木屋》,为他在8月24日即将发行的第三张个人原创专辑《泥巴小子》持续造热,引发高度期待。正值两档参与的综艺节目杀青及收官,可谓是音乐与综艺全面开花。<sep>  <sep>  艾福杰尼的这一首新歌《候木屋》,作为第三张全新个人专辑《泥巴小子》的预热曲已于平台上线,这也是他第三张创作专辑中率先披露的第二支歌曲。艾福杰尼用这首《候木屋》喻指“家庭”,表达自己对家庭观念的重视态度。“家”是每一个人最依赖的温柔港湾,艾福杰尼也想通过自己的音乐向听众传递一份温暖安心的力量。在前行的路上难免会迷失方向,希望大家无论如何不要忘记回家的路,不必在意流言蜚语,只需勇敢前进。<sep>  《侯木屋》的MV真实记录了艾福杰尼的日常生活,展示他身为rapper最真实的一面。艾福杰尼坦言,他与大家一样,每天的日常都是“三点一线”,生活中的组成部分同样是工作、家人和朋友,生活寻常且简单。<sep>  <sep>  艾福杰尼近年发展全面,无论在音乐领域还是综艺节目上都有亮眼表现。出生于新疆的他,也一直积极尝试将更多中华民族传统的音乐风格融入在流行音乐当中,不仅旋律感高级,不同的音乐元素也融合的恰到好处,除去词曲创作能力高超以外,歌曲制作水平也令人眼前一亮。<sep>  近期与范丞丞、马伯骞、宋妍霏等人一同参与录制的综艺《720潮流合伙人》已宣布杀青,参与的大型节目《超新星运动会》也已收官完结,这些节目中都不难发现艾福杰尼的亮眼表现,凭借幽默表现也登上热搜前列。今年来持续在综艺节目中,艾福杰尼都展现出他过人的艺能感,也令更多观众期待他出现在更多综艺节目中。<sep>  而这次上线的新专辑《泥巴小子》第二首预热曲《候木屋》,也正在向听众们表达,艾福杰尼在外无论尝试怎样多面的新鲜领域,而归家后认真做好音乐的初衷是不曾改变的。<sep>  据悉,艾福杰尼第三张全新个人专辑《泥巴小子》,即将于8月24日全面上线。期待西部说唱风暴艾福杰尼为大家带来高品质音乐的同时,也期待歌手与综艺人身份切换自如的他在更多综艺节目中优秀表现。<sep>(责编:kita)
五条人:我们的听众是玛丽莲梦露那样的美女	2020年08月19日 08:08	  记者 |刘燕秋<sep>  <sep>  采访在五条人演完《Last dance》后的一天进行,前一天晚上乐队们开派对,他们从晚上录完节目一直喝到早晨6点,茂涛说,他实在顶不住了,凌晨3点多就回来了,他回忆昨天一起喝酒的房间“像一个垃圾场”。仁科后来补充说,那是“即兴之后的现场”——各种酒精在“即兴”,有啤酒、白兰地、葡萄酒、威士忌,还有小龙虾。<sep>  五条人在《乐夏2》的经历一波三折,人们也记住了他们有多爱“即兴”。<sep>  他们先是临时换歌,用方言演绎的《道山靓仔》票数惨淡,首场即遭淘汰,但谁能想到,在交谈中自然流露的幽默感让他们一夜之间上了热搜。之后马东吹纸条从三支乐队里捞回了五条人——如同宿命一般,他们获得了复活的机会。复活赛上,他们再度出人意料地放弃准备时间,即兴来了一段“拖鞋酸了”。乐评人耳帝评论这一幕时说道,“永远不要进入成熟化的预设与完全掌控的模式里,生活才会给你意外惊喜。”结果下一场乐队改编赛上,五条人又被淘汰了。<sep>  《乐夏》做到第二季,正如监制牟頔所言,今年来的很多乐队会更紧张,更在意。但五条人显然不在这个范畴里,他们没那么在乎输赢,也不避讳谈及淘汰,这份随性甚至增加了他们在观众眼中的魅力。采访前我问他们的经纪人,聊淘汰的事情他们会不会不开心,她说没关系,你见到他们就知道了。<sep>  7月中的一天,在北京的一家酒店,我见到了五条人中的三条,仁科、茂涛和牛河。和很多乐队一样,五条人的阵容也在不断变化,除了两个灵魂人物,后续还加入了贝斯手牛河和鼓手长江。2017年加入的牛河是90后,毕业于星海音乐学院,曾经组过一支爵士乐队。在仁科眼中,爵士乐是即兴的代表,这也是牛河能加入五条人的原因。<sep>  采访在茂涛的房间进行,他踩着那双招牌的红色拖鞋,没戴墨镜,走过来和我握手。过了一会儿,仁科走进房间,他保持了一贯的靓仔打扮——穿豹纹短裤和黑皮鞋,还带过来一瓶酒,叫服务员加点冰。仁科说,现在头还有点晕晕的,要先喝点酒来“解酒”。<sep>  冰块在杯子里咯噔响。“开始吧,一支烟的时间。”仁科笑笑,点了一支烟。<sep>  在一个多小时的谈话里,仁科是负责发言的那个人,他有时表情严肃,有时言谈浮夸,有时会主动叫另外两个人来回答一些问题。总体来说,采访仁科是一件不在你预想轨道之上的事情,因为他总爱插科打诨,以至于当他想要认真表达些什么的时候,会强调自己“不是在开玩笑”。<sep>  五条人之前拒绝过别的节目的邀请,所以我想知道,他们这次为什么会愿意参加《乐夏2》。也许因为已经说过太多遍,仁科的回答简单利落,“因为疫情,没事干”。<sep>  “这是真心话吗?”<sep>  “真心话,也是大冒险,你自己理解吧。”<sep>  “疫情夺走了我们的一切。开玩笑的,OK,过了,不要煽情。”<sep>  但他们并非什么都不在乎。在《Last dance》这场演出之前,牛河一度很担心,“之前几乎没见过他们俩唱流行歌,不知道他们会不会不习惯”。牛河也怕他们喝了酒之后会忘词,或是出现其他的问题。后来几个人在广州凑在一起排练,刚演了前半段,牛河就发现自己的担心多余了,“我知道他们都很认真地练习过了。”<sep>  人们没有看到的部分是,改编其实花了不少心思,为了唱好这首歌,仁科有半个月没抽烟,一直到这首歌唱完了,被淘汰了,他才开始猛抽。<sep>  “我排练的时候试过,如果抽烟的话喉咙的状态会不太好。我唱自己的歌是没问题的,但因为流行歌需要一些技巧,状态不好的话有一些高音可能会处理不好,所以你看,唱好一首歌要付出代价。如果真的决心要唱流行歌,那我就真的不能抽烟,我做到了,阿茂也做到了,这又如何?”仁科三十多岁了,但有时讲起话来仍然带着少年的意气。<sep>  茂涛对此的体会更深,他抽烟抽得比仁科还凶,常常是一天一两包烟,《Last dance》的副歌部分也给他带来挑战。“抽烟确实很影响声音状态,因为那个高音需要你的嗓音很通透。”<sep>  他站起来指着外面的停车场,那个角落是他练歌的地方。“因为那里不扰民嘛,我嗓门大,如果在房间唱的话,酒店里的人也可以听得到,就没什么新鲜感了,就特意跑到那边去。”<sep>  <sep>  抛开综艺里个性的流露,该怎样理解五条人的音乐?不要忘了,他们的前两张专辑《县城记》和《一些风景》曾获得华语音乐传媒大奖等十几个音乐奖项。<sep>  过往,外界总给五条人贴“新闻民谣”的标签,因为他们喜欢从光怪陆离的社会新闻中捕捉灵感,用音乐记录城市转型中形形色色边缘人物的生活。比如《梦想化工厂》里在工厂外坐着喝西北风的阿伯、发廊里的春天小姐、阿炳耀、龙哥......他们甚至有一张概念专辑就叫《故事会》。<sep>  一些音乐人会刻意回避外界的信息,五条人则对这个世界上正在发生的事保持着足够的敏感和好奇心——我们谈起了去鹤岗买房的新闻。仁科看过那则报道,称赞起记者的文字控制能力。“他写得像小说,里面那个人有时候两三个月在海上漂着,这个太酷了,你可以展开想象,想到《少年派的奇幻漂流》之类的”。<sep>  五条人的音乐世界里不能没有这样的小人物,仁科和茂涛也曾是这样的小人物。<sep>  在广州期间,他们住在不见天光的城中村,卖过打口CD和盗版书,也到大学校园里贴商业活动广告。仁科热爱文学,喜欢作家福楼拜,几乎看过他的所有小说。在阐述自己和歌中人物的关系时,他告诉我,“福楼拜写《包法利夫人》时文学界都说他伤风败俗,那时福楼拜说了一句话,‘包法利夫人就是我’,颠覆了当时的主流小说创作。我们刻画了这么多小人物,他们的困惑就是我们的困惑。”<sep>  借着综艺的热度,很多人对他们个性的喜爱超过了音乐本身,仁科并不为此烦恼,因为他相信五条人的个性和音乐是一体两面的。这种说法似乎有些道理,他们言谈中流露着混社会的小人物才有的那种幽默感,这和他们过往创作的风格、关心的题材保持了一致。<sep>  但五条人不是一成不变的。仁科也承认他们的音乐一直在变来变去。录节目的同时,五条人还在公司摩登天空录制了新歌《地球仪》。这是五条人成立十二年以来的第八张专辑,惊讶于他们创作之高产的同时,你会发现他们关心的东西又发生了变化。<sep>  “我有一个地球仪/我会一句班巴拉语/在马里共和国/我钓到一条鱼”,仁科用“迷幻”来形容这首歌的风格。他在采访中也提到了马里,仁科喜欢那里的音乐,常常反复听,很多歌到现在他都不知道唱的是什么,但他相信自己能“感受到里面的情感”。<sep>  乐评人、摩登天空艺术总监张晓舟认为,在五条人的晚近作品中,“流浪”和“乡愁”早就不再囿于“土地与歌”的关系,而是上升为一场又一场时空错乱的迷幻交战。<sep>  事实上,在他们从县城海丰搬到广州后,作品的视野就变了,方言歌曲的数量开始减少,2015 年的《广东姑娘》中普通话歌曲占到一半,2016 年《梦幻丽莎发廊》的 12 首歌曲中只有三首方言歌曲。与此同时,五条人的音乐版图还在不断扩大,2018年起,他们将巡演拓展到了国外,先后去到巴西和葡萄牙演出。<sep>  提起那次巴西之旅,三个人都兴致勃勃。在圣保罗的保利斯塔大道上,街头艺人的表演让他们看到“音乐在另一个民族所呈现出的面貌”,拉美人玩音乐时的热情感染了他们,仁科忍不住跟着跳舞,他还想上台唱歌,但因为跳得太投入,他就忘记了这件事。如果不是因为疫情,他们今年6月份要去葡萄牙参加音乐节,9月份将会去德国参加艺术展。一如在节目中所说,仁科确实在学习英文,将来或许会写英文歌,或是其他语言的歌。<sep>  可以说,五条人践行了发第一张专辑时立下的那句“立足世界,放眼海丰”,如今的他们也早已走出了海丰,但我想知道的是,对于现在的仁科和茂涛来说,海丰意味着什么?<sep>  仁科说,其实他们只在过年过节的时候会回海丰,平时大多数时候都待在广州。关于海丰,很多事情他都已经不记得了,那些最深刻的记忆往往跟吃的、女孩子和一些特殊的地点有关。<sep>  他想起海丰有一个红尘电影院,位于县城最中心,有一次和几个好朋友周末一起玩,走到红尘电影院门口,一个朋友忽然问今天是几号,然后跟大家约定,10年后的这天一定要在这里相遇。“我离开海丰已经快16年了,后来根本没去过,估计他们也忘了,但是当时说的很坚定,10年后的今天我们一定要来这里,现在都忘了约定的是哪一天。”他的语调是轻松的,没有什么逝去的感伤,把这当成一件好玩的事来诉说。<sep>  在葡萄牙巡演时,五条人唱了《世情》,那是他们第二张方言专辑《一些风景》里的歌,在正式表演前,仁科让英语更流利的牛河介绍了这个故事的大意——一个在工厂工作的年轻人总幻想能环游世界,但最终他还是待在工厂里“从早做到暗”。<sep>  仁科和茂涛,他们保留了县城文艺青年的天性,但他们毕竟不再是《世情》里所写的那个阿良仔。他们已经带着自己的音乐迈向了更大的世界,希望“地球是平的,就像在超市买的平底锅”。谈及过去,仁科低头说,“我这个人不念旧,以前是以前的他,现在可能就不是过去我认识的那个他了,我不会因为以前怎么样,现在还是怎样,人就像河流,有时凶猛,有时平静,有时宽,有时窄,流水是不断变化的,人也是”。<sep>  <sep>  <sep>  <sep>:你们之前看过第一季的《乐夏》吗?<sep>  <sep>:我看了一个开头就没再看了,因为我不喜欢看综艺节目,连续剧也不看,因为需要一集一集地追,我觉得很烦,因为我没看,所以不知道好不好。<sep>  她(经纪人)后来给我发了一些相关的视频,精选了一些,一定要让我去看,准备一下,我也不想看。因为平时很忙的嘛,我要追踪鹤岗的房,不是后来在百度贴吧上有很多人问关于鹤岗买房的消息,那个比较综艺和连续剧都好看。<sep>  <sep>:你们也会经常网上冲浪?<sep>  <sep>:我们跟你们一样的,我们都是people,我们都是human,都是正常人。<sep>  <sep>:因为之前不了解,你们参加这个节目就相当于踏上一段未知的旅行,是这个感觉吗?<sep>  <sep>:阿茂有看一些。<sep>  <sep>:其实我当时是好奇,有一些做音乐的朋友提起过,我就去看了一下,不过说真的,第一季的第一集出来实在是有点让人崩溃,好像是小朋友上幼儿园的那种感觉,舞美啊呈现啊很卡通式的那种,后面几期越来越好,包括舞台的设计、灯光、调音都很专业。但我不是说全部一集一集看下来,我一般会跳到音乐这一块,看他们演得怎么样,有一些还真的挺有意思的,比如新裤子跟Cindy的表演是特别有意思的合作。<sep>  <sep>:你们的娱乐生活一般是干什么?<sep>  <sep>:我基本不看综艺,小时候看得最多的是香港的《超级掌门人》,初中之后就没怎么看了。我一般都是看电影,我们都特别喜欢看电影,还有就是朋友聚一聚,聊一聊的,像昨天那种的。差不多就这些,还是有点闷。<sep>  <sep>:你们第一场最后是怎么决定要唱《道山靓仔》的?<sep>  <sep>:因为我们歌很多你知道吗?而且有很多不同的类型和风格,有些歌可能很柔,有些像流行歌那样,有些是很摇滚的,很躁的,还有一些相对另类一点的,所以在这个过程中我们考虑了很多,有纠结过。有一种乐队的风格是很统一的,那还好,像我们这样变来变去,在选择上确实是有纠结,所以最后就没决定,稀里糊涂的,后来就临时改歌嘛。<sep>  <sep>:你们平时做音乐的时候也比较讲究即兴创作吗?<sep>  <sep>:我们创作一般是这样的,我们去到排练房,一般一开始可能不说什么话,先玩一下,我们玩的过程录下来,很多歌是从玩的过程中出来,玩到差不多有一点意识,把它存起来,隔了几天,再去丰富这个动机,丰富它的这个过程也是一个即兴的过程对吧?有时候我们排练房4个人,每人出个动机,比如阿茂先来,出个动机,他一弹,然后我们就跟着这个乐曲即兴,下一个,轮到贝斯手出动机,然后我们又跟着贝斯的律动,卷进他的框架里面玩,然后鼓手,最后是我,4个这样轮流,结束以后录起来,后来发现这个动机好,再把它抽出来。<sep>  我们的歌很多,演出有将近一半的歌,每一场都不太一样,我们会在一个框架里面演,但是当中的收拢,可长可短,我这一场可能收2分钟,那一场收1分钟,还有收3分钟,包括阿茂的唱也可以临时改词。有点类似于你去听世界上经典的爵士乐,比如说《Summer time》,这首歌在历史上有无数个版本,每一个爵士音乐家也在即兴,在这个《Summer time》的框架里面,每个人弹的都不一样。<sep>  我们希望在演奏中即兴,这样的话你每场演出都有不一样的东西,我喜欢这个,这样我可以享受这个舞台。但是有些歌是固定的,因为情感或是框架的限制,有时候旋律也是一种语言,你需要用这句语言,那这个旋律就稳定了,但有一些不是,需要自由,比如说我们现在自由聊天,我们也不知道你要问什么。<sep>  <sep>:复活那场大家都没太听懂,你们当时唱的主要是什么内容?<sep>  <sep>:就是唱那个关键词,游戏规则是这样,这刚好是我们的强项。其实每次我们都是在乱唱,包括我最早一个人在酒吧玩的时候,就会乱唱一些歌,就是拿起吉它,然后乱唱一些词。唱《Last dance》的时候我也临时改了一句词,有一句词叫做“明天我要离开”,我临时把它改成“今天我要回来”,阿茂都不知道。因为我觉得很应景,我们是被淘汰的,然后我们又再回来嘛。<sep>  <sep>:是站在舞台的那一刹那想到的?<sep>  <sep>:不,临上台的十几二十分钟嘛,我就想了一下,但我想没告诉阿茂,也想给他一个惊喜嘛,看他怎么接,还好他没有乱了套。<sep>  <sep>:所以阿茂也习惯了是吗?<sep>  <sep>:他也在改,你以为他是省油的灯?<sep>  <sep>:现在怎么评价你们对这首歌改编的效果?<sep>  <sep>:《Last dance》很多人翻唱过,但是他们基本都把伍佰唱成二百五,我们是在这个舞台上把它唱成一千的,真的。<sep>  <sep>:好遗憾没在现场看。<sep>  <sep>:以后你会看到这个视频,伍佰也会看到的,伍佰看到会说,啊,我以后不叫伍佰了,我叫一千。伍佰一定会很开心,演唱会会邀请我们参加,到时候叫他联系我们经纪人,档期如果允许的话。<sep>  <sep>:讲讲这首歌的改编细节吧。<sep>  <sep>:这首歌网上有很多翻唱,但改编的比较少,一些所谓的改编无非就是把配器改了一下,比如拿一个木吉它去弹唱,其实就是蹭了一个热度。我们这次很用心去改编了,总共排了前后5、6天,在广州排了4天,来北京之后加上管乐手又排了两天。这对于我们来说是不可思议的事情,因为我们巡演的时候十几二十首歌可能也就排个两三天,平常我们对于排练还是比较懒散的,因为有很多即兴的成分我们想保留在现场再去演绎。但是这首歌我都要听吐了,在改编的过程中,我们反复在听。<sep>  <sep>:这一次鼓手特意选了音色比较复古的军鼓,还是选了一个德国产的,不知道什么牌子,这个鼓的音色本身是很低沉的,他把它调亮,就很有舞厅的感觉,而且这个鼓的律动也很酷,比如我唱的部分跟阿茂唱的部分律动不太一样。我跟阿茂的部分都很悲情,但鼓的律动形成了两个结构,贝斯弹得有点funky的感觉,然后鼓很RNB。但是这个我估计可能专业的人才能听得懂。<sep>  首先我们尊重伍佰,也很喜欢伍佰,主旋律我们都保留了,我们认为好的东西,只会去超越它,而不是说做那种不必要的破坏。改编很容易把它改得面目全非,哗众取宠,但是如果音乐本身就好的,没必要做这个事情。<sep>  <sep>:这次来没想过唱《阿珍爱上了阿强》吗?很多人因为这首歌认识了五条人。<sep>  <sep>:本来要唱的,接下来就要唱这个了。我们都想好怎么编了,好牛逼的,不是开玩笑的。通过改编,我们会加入张亚东最喜欢的合成器,马东最喜欢的马头琴,周迅最喜欢的三角铁,绝对是一首真正意义上的杰作,列入史册的那种,可惜了,所以我说淘汰我们是节目组的遗憾。<sep>  <sep>  <sep>:你也说你们在音乐上总是变来变去的,所以你们在音乐风格上是刻意追求多变吗?<sep>  <sep>:我跟阿茂很喜欢收集唱片,听过各种风格的音乐。但是呢,我们在做音乐的时候,肯定是要忘掉这个东西,就是我不是今天要尝试摇滚,明天要尝试民谣,不是这个意思,我觉得是一种fusion,要你把听的融合在里面,但是你做出来之后,别人可能会说这个像什么,这个偏摇滚一点,这个偏爵士一点,别人可以来评是什么,但是我们音乐在创作的时候,最好是先忘掉这些。<sep>  <sep>:音乐上的变化更多是和你们的生活轨迹变化有关的是吗?<sep>  <sep>:肯定的。阿茂现在有几千张唱片,无论是什么风格,他都有很好的唱片,你下一期可以专门采访他关于收藏的唱片,一张一张来做,可以做成一个系列。阿茂的唱片都是很好的,不是开玩笑,你现在不特意去找的话,也很难找到,因为现在网络平台的很多推荐都是垃圾,很多咖啡牛奶音乐,就是加了很多味精很多的音乐,但是真正好的音乐不是那样的。<sep>  <sep>:现在网络上很容易听到音乐嘛,网易云你点开,就会有一个歌单出来,感觉都帮你安排好了,但像以前我们找音乐不是这样的,你必须通过耳朵一张一张去淘打口碟,去进货的地方是一座山那样的唱片,你要去淘,所以必须你要去听,一张一张去抽,我认为这个经历是很棒的,你把它抽出来,必须很快判断,去评价这张唱片厉害不厉害,所以那个时候我们就养成了收藏唱片的习惯。你在当时感觉到了,出来之后你就会反复去听,从第一首听到最后,不会像现在这样,太快了。<sep>  <sep>:你们会关注现在这些都市里的普通年轻人吗?感觉过去更多还是在写边缘人物。<sep>  <sep>:你关心的是生活的整体嘛,举个例子,我在疫情期间看了很多纪录片,有讲穷人的纪录片,也有讲富人的,还有看非洲关于穷人的纪录片、法国巴黎的流浪汉,还有那些很有钱的。你从作品体验来说你更关心这个或是那个,但是事实上你在日常生活中得到的信息是总体的,你更关心生活本身,当中就包含了你说的年轻人。谁都离不开生活的总体,没有一个人,又回到这个,没有一个人能离开生活本身。<sep>  <sep>:你们歌里面很多都是通过一种讲故事的方式去呈现,有想要直接表达一些什么吗?<sep>  <sep>:《我的头发就是这样被吹乱的啊》就是直接表达。<sep>  <sep>:不是这种,是说表达一种态度之类的。<sep>  仁科:这就是一种态度。<sep>  <sep>:可以说你们写的情歌越来越多了吗?<sep>  <sep>:有一些情歌,但肯定不是套路化的情歌,过往的套路化的情歌已经很多,你也听烦了,不如有一点不一样的。<sep>  <sep>:情歌嘛,肯定离不开某个念念不忘的念头,你肯定会念念不忘某个女孩子,她有时出现在你的脑海,你就会想把这变成一首情歌嘛。我很年轻的时候写的《柔河里》,写给一个海丰姑娘,当时追那个女孩子追了很久,追不到嘛,所以就会有很多美好的回忆在你的头脑里面,后来就想把它给唱出来。但情歌也不是那么单一,爱这个字有时候可以很大。<sep>  <sep>:有一句歌词太狠了,用四川话写的,“我的心是用来爱你还是用来恨你”。这是情歌的最高境界。<sep>  <sep>:感情是很复杂的,它是融合、交叉在一起的,那句歌词太好了,“我的心是用来爱你还是用来恨你”。<sep>  <sep>  <sep>:你们在乐队里面算是非常高产的,五条人的发展一直都很平顺吗?没遇到过什么瓶颈?<sep>  <sep>:何止平顺,简直是犹如踏入无人之境,哪吒踩着风火轮,风风火火,除了这次老是被淘汰,其它都是很好的,对吧?<sep>  <sep>:你们从关注县城到关注都市生活,最近两年开始出国巡演,看到更大的世界,这会对你们的创作产生某种影响吗?<sep>  <sep>:还是有的。比如我们第一次去巴西演出的时候在圣保罗,有300多个乐队,在7天内演完,每天有40多个地方同时演出。更有意思的是圣保罗中心有一条主要的路叫保利斯塔大道,那是一个金融中心,但是因为巴西人星期天不工作嘛,保利斯达大道就不通车,开放给很多街头艺人表演,我们在总赛区的时候看到了拉美街头艺人表演的能力。<sep>  <sep>:那种感觉真的像一个博览会一样。<sep>  <sep>:后来我们演完,当地有个地头蛇带我们去参观巴西三宝,我们去了一个全是拉美人的演出,里面都是混血儿、白人、黑人之类的。他们的演出几个小时不停,乐手会换,但音乐不停,一直演、演、演。<sep>  <sep>:桑巴的魅力就是那一次感受到的,太酷了,那种当地人的热情是不一样的。<sep>  <sep>:这个真的不得了,你从中就感受到,音乐在另外一个民族里面呈现的面貌是不一样的,这给你带来想象力。真不一样,真的,我都差点想上台了。<sep>  <sep>:你不是在下面跳舞?<sep>  <sep>:跳是肯定跳,我想上台唱歌,但是因为我看的太入迷了,就忘了。保利斯塔大道,你去搜一下,非常好,不是开玩笑的。<sep>  <sep>:你觉得你们现在的听众主要是什么样的人?<sep>  <sep>:玛丽莲·梦露那样的美女。开玩笑,什么人也有吧。我能意识到,来看我们演出的年轻人越来越多,因为有很多人通过摩登天空的APP买票,买票需要身份证的,我们就发现很多人是90后,甚至00后比80后还多很多。当然也有年纪很大的,但是比较少了。最搞笑的一次是在台北,我跟阿茂去演出,来了三个白发苍苍的老头看我们演出,因为要排队签售,他们一直在等着我们。他们本身就是海丰人,在台湾很多年,看到老乡,能讲一口很亲切的古老的海丰话,还拿出了他们惠州同乡会的卡片。<sep>  <sep>:后来年轻的海丰人讲的话有一点点不一样了,但他们讲的很正。他们还让我们下次去台北找他们玩。我觉得那几个老人家可能很久没有开心过了。<sep>  <sep>:你们觉得自己和十几年前没做乐队的时候比变化大吗?<sep>  <sep>:其实抛开灵魂和记忆的话,从生物意义上来说,人每天都变,我们的皮肤不断脱落,某种意义上你已经不是20年前的那个物理结构了。肉体都不是以前的那个肉体了,你说这变化大不大?从记忆来说,你每天会接触各种信息,意识在不断更新,那种变化也是巨大的。但是核心的东西没变,起码我没变坏吧,阿茂也没变成一个中年油腻男,阿茂还是很帅。<sep>(责编:kita)
《新生日记》第二季定档 宁桓宇宣布升级当爸	2020年08月19日 07:58	  新快报讯 记者徐绍娜报道 《新生日记》第二季昨日发布定档海报,正式宣布定档8月25日,每周二中午12点芒果TV全网独播。随后,节目官宣宁桓宇、周安琴夫妇甜蜜加盟,宁桓宇也在微博上大方公开老婆的B超照片,高调宣布升级当爸。<sep>  此前,《新生日记》曾放出了一组嘉宾悬念海报,“追梦赤子 新手爸妈”这一标签引起了网友的猜测,如今谜底揭开,原来是13届快男宁桓宇和老婆周安琴。宣传片中,宁桓宇、周安琴开启相爱相杀的互怼模式。周安琴表示自己一定是个慈母,吐槽老公宁桓宇啥都不干只会吹牛,这让宁桓宇非常不服。于是,宁桓宇开启对周安琴无微不至的照顾模式,搬行李时“你别动,我来”,做饭炒菜时“我来我来,我来摘”,并放话要用实际行动证明自己也会是个慈父。<sep>  据透露,《新生日记》第二季全新夫妻阵容即将逐一揭晓,将继续呈现四对不同孕期夫妻的日常生活,不仅包括新手父母,更聚焦二孩家庭,真实记录四组家庭从孕到育的关键时刻,聚焦当下的社会热点问题。<sep>(责编:kita)
“霸道总裁”王耀庆转战综艺:我是个另类的高富帅	2020年08月19日 07:56	  新快报讯 记者徐绍娜报道 代际互动观察类游戏综艺《元气满满的哥哥》正在湖南卫视热播,节目中胡军、吴奇隆、王耀庆以及杨洋、陈学冬等哥哥们分成两队,在游戏中“相爱相杀”。其中,以“霸道总裁”荧幕形象深入人心的王耀庆,在游戏中各种“呆萌”“掉线”。近日,王耀庆接受记者采访,笑言自己也是个“高富帅”:“音量高、富有活力,‘帅’是希望在残酷激烈的游戏中还能保持一点点的形象。”<sep>  <sep>  王耀庆在前两期节目中就已把自己之前高高在上的“高端商务人士”和“霸道总裁”形象毁了个彻底,贡献出很多的“名场面”。比如,在第一期的捉迷藏环节里,他全程“掉线”,在队友吴奇隆发现变装的黄明昊后,他还处在茫然之中,笑说:“真的蛮像的,所以他到底是不是啊?”逗趣反应令队友哭笑不得。第二期在李自健美术馆里又与吴奇隆一起上演原地“打滚”,一起“嘲讽”黄明昊,甚至还突然“降智”对着镜头“略略略”,之后更在雪场里把王彦霖追得满场跑,被评表现像极了孩子。对此,王耀庆表示:“每个男人心中都有一个小男孩儿,对于保有童心这件事,我认为更打动我的是,对所有的事情都充满好奇心。”<sep>  在第三期节目中,王耀庆更加老谋深算,还钻了节目规则的空子,组织“耀庆商务群”把元气小哥们“虐”得团团转。面对“是不是欺负了元气小哥”的质疑时,他很老到地表示:“这个社会就是这样。”虽然虐小哥哥队毫不留情,但王耀庆在采访中也毫不掩饰对元气小哥们的喜爱:“我很喜欢杨洋的颜值,陈学冬特别聪明,多年的演艺经验让他特别有智慧,在游戏当中能赢过他不是容易的事情;王彦霖和王鹤棣腿长体力好,黄明昊年纪最小但有很多的想法,年轻人身上总有很多的闪光点。”<sep>  <sep>  王耀庆出演过不少经典的电视剧和舞台剧,但很少出现在综艺节目中。问到此次参与《元气满满的哥哥》的原因,他回应说:“我对自己没有任何的设定,我对新鲜的事物都很好奇。我之前没有参加过这类的节目,我也不知道在这个过程中会发生什么样的事情,主要还是很好奇。”<sep>  《元气满满的哥哥》因节奏紧凑有趣、哥哥们各有个性和看点,播出后收获了一波好评。近年很多综艺节目、真人秀都会有剧本,对于《元气满满的哥哥》是否也有剧本的问题,王耀庆则直言不讳:“虽然有脚本,但是不表示我们会在里面寻找某种人设,或者为了营造出效果而达到某种设定。很感谢节目监制,在里面给我们很大的空间,让我们尽可能去尝试。”<sep>  此次节目的核心是代际沟通,对此,王耀庆则表示:“我觉得代沟的形成是因为缺乏相互理解,如果能够站在别人的角度,有一个同理心,代沟就不存在。”<sep>(责编:kita)
《奔跑吧》走过100期 创新是根本	2020年08月19日 06:27	  上周五收官的浙江卫视《奔跑吧》第四季再次创造了多个经典的综艺主题,而这档常青节目也走过了100期,即将进入第八个年头。本季《奔跑吧》平均收视率CSM55城2.852,微博热搜139个,较去年增长67%;全网热搜1002个,较去年增长251%,继续稳居同时段第一位。<sep>  而今年作为国家攻坚脱贫的重要时期,《奔跑吧》也将承担社会责任,在第四季度推出《奔跑吧·黄河篇》。导演姚译添透露,具体的节目方案、嘉宾阵容仍在策划中,“但相信会让大家看到比较不一样的《奔跑吧》。”<sep>   <sep>  <sep>  2020年是特殊的一年。新冠疫情让人们暂停忙碌,开始反思生活;社交距离的被迫疏离,却让人与人的心灵交流趋于紧密。而从“黄河大合唱”“联合国环保演讲”到“龙舟争霸赛”“鞍钢父子特辑”,始终围绕社会主题的《奔跑吧》本季也再次突破以往风格,内容上更注重探寻内心世界。<sep>  例如节目第六期的“打头事件”,节目组用诙谐幽默的环节,首度用真人秀方式探讨了碎片化信息时代带来的认知误区。随着网络飞速发展,真真假假的消息充斥社交媒介,大到国家、疫情等公共事件,小到平凡人的日常生活,大众缺乏理性判断的能力,导致谣言传播给很多人带来了伤害。“包括嘉宾、节目组都经历过恶意揣测和无中生有,但其实很多人并不了解事情的全过程。”姚译添称。因此《奔跑吧》开展了这场模拟性的社会实验,设计了“沙溢打李晨”这条未经证实的消息,并在扩散过程中让嘉宾形成社会中最常见的“不实信息制造者”“不实信息受害者”“围观者”等不同角色,引出“你看到的不一定是事实,你以为的事实不一定是真相”的话题探讨,以呼吁大众客观全面地思考问题。<sep>  本季《奔跑吧》也再次走出自身舒适区,挑战了“人生选择”、“偶像包袱”等诸多看似日常、却需要头脑风暴的意象化主题。在姚译添看来,如果把《奔跑吧》比作一家多年名店,随着大众生活水平、审美能力的不断提高,品牌主打的内容也必须创新。“这是我们节目组的‘执念’。所以每一季我们都希望至少有一期不太走寻常路。”<sep>  其中第七期“循”演马戏团最具先锋性。看似是一场马戏巡演,但跑男团却陷入一场时间循环中。场景、游戏一遍遍重复,每一次挑战失败后,全体都要回到最初的场景重新开始。姚译添称,这期的创意来源于电影中常见的时间循环,也映射了疫情期间大家每天都在重复同样的生活。<sep>  但在强调速食节奏的娱乐真人秀,这个没有任何先例参考的主题,也极大考验了观众的耐心,播出后评价良莠不齐。其实在录制前四天,姚译添也曾打退堂鼓,犹豫要不要改做一期风险更小的内容,“游戏不能太难也不能太简单,我们反复测试,保证玩个两三次都能通过,不会一直循环下去。但我们还是不知道会拍成什么样子,太难了。”最终姚译添还是选择了创新。他认为当一件事所有人都认为没有风险时,反而证明它已经过时了。<sep>  “打头事件”播出后,观众评价此期为最用心的节目策划,#奔跑吧这期主题真的好#话题微博阅读量也高达6.3亿。<sep>  从第一、二季首次尝试剧情化综艺,第三季将“狼人游戏”综艺化,到第四季探索沉浸式破案剧情的模式......《奔跑吧》从不希望吃老本。“在突破、创新的过程中,必然会出现很多问题,也不是每次尝试都成功。但我们愿意冒这个险,不断尝试才能有更多前进的空间。”姚译添说。<sep>   <sep>  <sep>  2019年“跑男团”历经大换血,姚译添试图转换节目的“明星视角”,用全新阵容直面“综N代”所需的生命力延续。而本季《奔跑吧》再次更新换代,由李晨、Angelababy(杨颖)、郑恺三位老成员继续坐镇,带领新加入的沙溢、蔡徐坤、郭麒麟,全面黏合70后、80后、90后、00后等各个年龄层的观众。<sep>  姚译添综合考量了嘉宾间的搭配,尽量避免跑男团中有重复的性格和特长。沙溢承担了节目“润滑剂”的角色,用快速的抛梗、接梗能力,把新老成员迅速串联起来。“他很适合这个节目。”郭麒麟是节目中的“机灵”担当,“虽然其他成员也很聪明,但郭麒麟的聪明有个人风格。而且他语言天赋很高,知识涉猎面也特别广。”<sep>  而蔡徐坤则是第一次担任户外真人秀的固定嘉宾。一开始姚译添并不了解他的性格,但见面后却发现了他身上尚未被大众看到的一面——性格有时大大咧咧,是个大男孩;有时又保持偶像的气质;玩游戏、做任务也具有很强的胜负欲。在录制过程中,蔡徐坤也给姚译添带来诸多惊喜。例如适用于任何环境的“坤式步伐”、快到模糊的奔跑速度,“他的运动力超乎我的预料。”例如天然的综艺感,很多时候蔡徐坤并不需要刻意做什么,但真实的反应就能产生节目想要的效果。<sep>  新成员通过节目被大众认知,老成员也一改上一季的紧绷状态。Angelababy在“魅力男士”撕名牌中反杀男嘉宾;郑恺在“100期特辑”中获得全勤嘉宾奖;性格耿直的李晨在“打头事件”中因饰演“诬陷者”而崩溃落泪。“他们被激发出料想不到的表现,给观众带来惊喜。”<sep>  <sep>  <sep>  2014年10月10日,《奔跑吧兄弟》播出第一期节目,自此“跑男团”喊着“奔跑吧”的口号,陪伴观众走过了“七年之痒”。七年间,跑男团先后前往十几个国家、几十个城市,经历了上百种考验。本季《奔跑吧》迎来了它的第100期,姚译添感触颇多,“我们没觉得自己有多厉害,但真的很不容易。很多幕后故事大家并不知道,好多人都在为节目付出。”<sep>  因此“100期特辑”姚译添并未刻意“煽情”,而是当作一期普通节目策划,展开跑男团与“00后”的对决以此迎接新生的力量;同时在最后撕名牌时,将100期的所有关键词串成通关密码,一步步吸引嘉宾和观众回忆起过去七年的点点滴滴。<sep>  而《奔跑吧》走入新的百期,姚译添坦言,台前幕后都背负了更多压力, “很多观众都说自己是100期的全勤观众,我们知道,无论他们是批评还是建议,都对这个节目带着爱和期许,我们不能做得不好。我觉得未来我们更多会带着这样的责任和守护心继续把《奔跑吧》做下去。”<sep>  采写/新京报记者 张赫<sep>(责编:kita)
孟佳回应晚会舞台镜头少:我真的上台了	2020年08月18日 22:54	  新浪娱乐讯 8月18日,孟佳与黄晓明<sep>、<sep>郁可唯<sep>、王霏霏、张含韵<sep>、沈梦辰<sep>、李斯丹妮<sep>一起在湖南卫视818晚会上带来《无价之姐》。因为舞台表演中人数太多,有粉丝表示没有找到孟佳的镜头。晚上,孟佳在微博晒出一张“公主落泪”的表情包回应,她表示:“我真的上台了。”
李明轩因伤缺席超新星多项目 伏地魔尽显吃鸡实力	2020年08月18日 16:57	  在近日播出的《超新星运动会》直播赛中,演员赛区的李明轩本是多项比赛的奖牌有力竞争者,却由于篮球训练过程中不慎受伤而遗憾缺席,最终仅参加了和平精英积分赛这一个项目。<sep>  尽管因为身体因素仅参加了吃鸡项目,李明轩仍然展现出了超强的实力,比赛过程中接连击杀三个“人头”,更是“辣手摧花”淘汰了隔壁队伍中的硬糖少女303成员郑乃馨。李明轩也因极具个人特色的“绿衣伏地”的吃鸡打法,被众多网友冠以“伏地魔”的称号,助力团队赢得胜利。<sep>  在此前的团体拔河和男子武术预选赛中,李明轩也发挥优异。团体拔河中,演员赛区对战潮流赛区,演员队采用巧妙战略,先全体往下坐稳住不动,消耗对手七成体力后再发起猛烈进攻。李明轩肩负重任冲在拔河队伍之首,控制节奏,给予其他队员安全感,最终带领团队获得胜利,赢得了决赛资格。而作为去年第二届超新星运动会男子武术决赛亚军的他,在今年的武术预选赛中也不负众望,高难度的武术招式让人拍手叫绝。李明轩在证明其运动实力的同时也展现出了自己的搞笑天赋和social才能,比如预赛阶段的射箭比赛中,“嘴强王者”李明轩自信自己在射箭方面天赋异禀,看起来极为专业地分析其他选手的姿势、动作,却在轮到自己上场时频频失误,成为大家的开心果。同时他也通过自己极具亲和力的性格,结交了于小彤、刘帅良、周政杰、敖瑞鹏等一众新好友。<sep>  在生活中,李明轩也是一个极其自律的人,能够经常在微博中看到他分享运动、健身的日常照片和vlog。不仅如此,李明轩还是一个富有爱心的人,去年中秋节期间,李明轩为特殊儿童亲手制作午餐并陪伴玩耍,给他们带去温暖。<sep>  超新星运动会结束后,李明轩也马不停蹄地投入到了接下来的工作中。李明轩领衔主演(饰男一号墨冲)的电影《百慕大星际流浪者》刚于8月16日举办了开机仪式,以及此前拍摄完毕的电影《唐人街探案3》、电视剧《天涯客》也将尽快与观众见面。让我们共同期待演员李明轩在荧幕中的精彩表现吧!<sep>(责编:明侦探)
开撕?疑似黄圣依经纪人点赞质疑《浪姐》赛制微博	2020年08月17日 18:48	  新浪娱乐讯 8月17日,<sep>播出加更内容,有网友发现,微博认证为黄圣依<sep>经纪人的“解雯晴”账号点赞了一条质疑《乘风破浪的姐姐》复活挑战赛赛制的微博,该微博文案写道:“复活挑战赛就是为了把赢了的黄圣依给淘汰了”,引发网友热议。随后,该账号取消了点赞。
阿朵发长文谈复活赛 感慨一切都是最好的安排	2020年08月17日 21:05	  新浪娱乐讯 8月17日,阿朵<sep>在微博发长文谈<sep>复活赛,她夸赞了复活团的各位姐姐们,还表示大家是“互相成就,一切都是最好的安排。”她表示虽然这次赛制残酷,但是还是要感谢这个复活赛让每一个姐姐初舞台后,再有了一次个人Solo的机会,所以大家才能看到这样一个精彩的呈现。“这江湖没什么了不起,也就酒还行...”<sep>  阿朵全文:<sep>  谢谢所有支持乘风破浪姐姐的场内外的浪花及观众朋友~<sep>  重新再回来踏浪,跟所有姐姐们集体见面今天中午加更的afterparty,导演组希望我在整个谈话当中串词,去激发每一个姐姐能够说出他们的故事,这应该是我到这个节目之后说话最多一次,让有的人感觉我这次回来变了。<sep>  之前很多人说阿朵太佛系了,参加乘风破浪的姐姐不像是在比赛,其实我想说,一直到第二次公演被淘汰,我都没有觉得这是一个比赛,是淘汰后才慢慢回过味来。<sep>  复活名单确定以后,我们七个人要先碰一面,那天我印象特别深,我走到集结的地方发现一个人没有还有点纳闷,然后梦辰和佳佳就从旁边冲出来,边吓我边给了我一个大大的拥抱,佳佳说“这是回归仪式”,我们以拥抱欢迎每一个复活的姐姐,我喜欢这种仪式感,一下子又把我拉回到了和姐姐们在一起的这种友爱的氛围里,这一次,我们都不是一个人在奋斗,是七个姐姐同时有备而来。<sep>  我们是为爱我们的人、信任我们的人、期待我们的人而活,我们都是乘风破浪的姐姐,但是这一次我也是复活团的大姐姐,如何“死而复燃”,是一场极限挑战,我觉得我必须担当起来,因为这几年不管是作为舞台上的秀导,还是作为一个创业的leader,从我的年龄和经验来说都已经有了充分的准备去迎接这个挑战,我把这次当复活联盟的队长作为我的功课,因为6位小姐姐们对我的信任更是让我信心大增,我好爱这几个可爱的姑娘。<sep>  其实我从小到大当队长的经历不少,十五六岁到部队从军我就是做队长的,后来从部队出来成立团队也是自己做主,可以说我每个阶段都有不同leader的经验,这些年来,我认为一个好的leader就是要尽力为团队服务,无论是大家业务的成长,还是为心灵及精神上的需要提供帮助,<sep>  参加复活赛之前我们就猜到一定会有非常残酷严苛的赛制,那么作为复活团,我们至少要付出加倍的努力才可能和台上的姐姐们抗衡,因为她们一直是在这个比赛的状态当中,经过了几个月,无论是舞台驾驭能力还是唱跳能力,每个人都锻炼的越来越强,复活团的姐姐们离开一段时间后,从各个城市各自的工作生活当中重新再拉回来找做女团的状态。<sep>  我的心态就是如何在短期内帮助整个“复活者联盟”逆风翻盘,我对我们复活团的姐姐们是有信心的,她们每一个人都很有实力,而且都各自具有自己的特色,作为队长其实就是要想如何让她们在有一个好心态的情况下,把自己的实力和特点能够施展出来,把个人及团体表演做到最好,尽量让每一个人都不留遗憾。<sep>  想要赢就不能打没准备的仗,所以当我知道复活名单之后就已经开始思考,三天前的复活solo舞台,我相信大家都已经看到整个复活团的姐姐们,她们真的非常优秀,每一个人都体现了自己这次回来想要传达的信念。<sep>  两组冠军团的姐姐们的实力大家有目共睹,和她们battle想要取胜是一个非常棘手的挑战,所以战略就很重要,尤其是出场顺序。<sep>  沈梦辰<sep>:她整个舞蹈及舞美的设计和个人的舞台魅力表现,从唱跳形象及观众缘全方面来讲她都是很稳适合打头阵,第一轮要赢,因为影响着整个团队接下来的信心,她把女团唱跳综合能力展现出来,事实证明她做到了!<sep>  孟佳:是我们复活团的一枚小钢炮,实力舞蹈担当,台上炸场子,台下热场子,我们复活团能给炸翻全场绝对少不了这枚小钢炮。什么时候需要炸就佳佳上。<sep>  吴昕<sep>:这次的solo show给了我们很大的惊喜,首先她这次回来的心态非常的放松,有着一种嘉宾返场的状态,人在特别放松的时候反而会有很多意想不到的表现力和潜力,而且她在两位静姐直视下,她仍然散发出一种超脱的感动和力量。<sep>  金莎<sep>:这次回来其实变化挺大的,因为她想打破过去大家心目当中甜美的形象,所以她选择了《独上C楼》这首歌,想要把自己成熟女人味的一面展示出来,这个决定是有风险的,但是我们都支持她想要突破自我的勇气,乘风破浪的舞台,不就一直是在传达这种突破自我的勇气的精神吗?莎莎这次的勇敢突破也是这个舞台精神面貌的展示。<sep>  朱婧汐:作为一个成熟的音乐制作人,第一次公演一首慢歌就被淘汰了,其实还没有把实力及自己的音乐特色好好的展示出来,那么她这次也是有备而来,当我看到她的solo秀的时候,我就知道她会是在复活团中别人想不到的一个惊喜,这样的惊喜就要留到中间,等大家看完了前面的几轮歌舞表演之后,婧汐的硬核甜心就会让大家眼前一亮<sep>  王智<sep>:因为这次她选的歌是她的代表BGM,以她电影里《夏洛特烦恼》的经典形象出场来一波“回忆杀”,一下子就能勾起大家脑海中的记忆,我所理解的,对于王智来说,是一个她想要从影视延伸到舞台表演的艺术转化,是要来姐姐舞台完成她的梦。<sep>  选歌的时候还有一个小插曲,我本来的选择不是《缘分一道桥》,因为这首歌词曲及演唱上可以创新的空间不大,我想在选曲上做一些创新,我和我们湘西妹子梦辰不约而同都看中了《屋顶着火》,我曾经在《死里复活》里写到过“我的房子着了火,你顺火光找到我”,为了宣传新民族音乐的私心,我打算把这首歌和自己的原创融合在一起,但是被调皮的梦辰一顿亲后就有了这次的《缘分一道桥》SOLO表演,《缘分一道桥》我表演复活solo秀,带斗笠,穿长袍,我拿的不是话筒,而是一壶烈酒,再现江湖。<sep>  就这样,让“你们”顺着火光找到了“我们”,我们“复活者联盟”是互相成就,一切都是最好的安排。<sep>  虽然这次赛制残酷,但是还是要感谢这个复活赛让每一个姐姐初舞台后,再有了一次个人Solo的机会,所以大家才能看到这样一个精彩的呈现。<sep>  我开始找回二十多年前唱跳舞台的感觉,不过心态上是不一样的。<sep>  锐意进取是一种能力,我展现过;舍得放下是一种境界,我修炼过;现如今这个阶段,我的功课不仅要有放下的境界,还要把进取的能力同时展示出来,因为这场复活赛确实是在比赛、在竞技,所有的姐姐们多多少少也都有变化,我们正在以一种全新的姿态,来迎接这一场硬仗。<sep>  退出,回归,新生,重回江湖只是第一步,我想要做一颗新民族音乐的种子,在这片土地生根发芽,沐浴阳光、历经风雨,终有一天,这里会成为一片大草原,然后继续向远方蔓延。<sep>  我这次回来,有的朋友们和观众们调侃说我变了,但是我想说的是,我并没有变,每个人都是一个多面体,只我们在有不同需要的时候,就会呈现不同的状态,就像我在节目里说过,我们可以为了爱放下,我们也可以为了爱去战斗,只不过要看在什么样的情况下,调成哪一个频道,我已四十而骊了,不会忘了自己是谁,我也会坚定着自己的方向。<sep>  套用一句话:这江湖没什么了不起,也就酒还行...<sep>  关于团战发生的故事我们下周再说。
元气满满的哥哥们同框合照 胡军:这个家庭有点大	2020年08月16日 23:52	  新浪娱乐讯 8月15日,湖南卫视知名制作人夏青在微博晒出《元气满满的哥哥》 合照,她发文写道:“胡军<sep>、杨洋<sep>,还有蔡国庆<sep>老师、隆哥、舅舅、嘉爷、彦霖、棣棣和小贾,今天翻微博发现陈学冬<sep>晒出了前天晚上你们这张合影,好吧~瞬间把我拉回到了那天晚上在机房看你们你们吃饭聊天时自己尴尬憋笑的情境,嗯,男人致死是少年!说的就是你们这群大老爷们儿和小屁孩的奇妙组合啦。”<sep>  “太喜欢看到你们每次酣畅淋漓玩完游戏之后的尽情欢聚了,只可惜有些话题太过纯爷们儿,我这个都可以做奶奶年龄的女人,也只能尬笑着提前逃离现场。不过,看到你们在一起越来越像一家人的感觉真的好开心。”照片中,胡军、杨洋、蔡国庆、吴奇隆<sep>、王耀庆、胡军、李维嘉<sep>、陈学冬、王彦霖<sep>、王鹤棣<sep>和黄明昊<sep>同框自拍。<sep>  8月16日,胡军转发了微博,并发文称:“这个家庭有点儿大,谢谢耀庆牺牲自己的大脸拍的照片。”
于小彤发文回应射箭失误:对不起让大家失望啦	2020年08月16日 15:34	  新浪娱乐讯 在《超新星全运会》1/4决赛中,去年的射箭冠军于小彤<sep>出现失误,惜败给了木子洋<sep>。比赛结束后于小彤也发了微博:“我再贴几条像不像个木乃伊哈哈哈,对不起让大家失望啦...我们江湖再见哦!”于小彤配上的照片应该是这段时间他努力训练的结果,后背贴了很多胶带,还在自己的后脑勺贴上了“好烦”二字,看来对于自己的淘汰,他自己也很懊恼。<sep>  网友也纷纷安慰他:“没有失望哦!你在我们心里最最最最棒!”“要好好照顾自己啊!你最棒了”(砂糖桃子/文)<sep>(责编:麦子七)
《新说唱》张靓颖回应歌词暗讽:不要对号入座	2020年08月16日 10:21	  新浪娱乐讯 8月15日,《中国新说唱2020》开启“全民搞哈团”首播探班会,活动现场,“元老制作人”吴亦凡<sep>潘玮柏<sep>二人升级为老板现场拼资源,为自己厂牌抢人;张靓颖<sep>面对媒体犀利问题全程正面刚;GAI周延<sep>谈及自己对流量和如“南水北giao”等网络红人态度改变时,直言:别用出身定义一个人,四位主理人为抢RapStar全程互呛笑料不断。此外,发布会上,爱奇艺高级副总裁、《中国新说唱2020》总监制陈伟;爱奇艺副总裁、《中国新说唱2020》总制片人车澈<sep>;《中国新说唱2020》总导演顾超峰也就今年节目肩负为选手及行业造梦使命、节目升级等内容做出具体阐述。<sep>  <sep>  随着《中国新说唱2020》开播迅速攻占全网各大榜单高位,8月15日,节目组“趁热打铁”开启“全民搞哈团”线下探班会,活动现场吴亦凡、潘玮柏、张靓颖、GAI周延四位主理人就今年升级为厂牌主理人,分享了自己的厂牌态度、风格及对于SSR的评判标准,并于现场为各出“奇招”为厂牌拉票。<sep>  吴亦凡潘玮柏两位老朋友现场化身老板,狂秀肌肉为自己厂牌疯狂抢人:被网友称为“见缝插哈”第一人的吴亦凡不负众望,现场手持“哈”字扇子频频输出自己的厂牌选人标准,表示想进自己的厂牌也不难,主要是“搞哈需要有缘人”。而在随刻加时赛环节中完成海选选人的潘玮柏,则表示因为自己长得比较“圆”所以是“福气柏”,会给自己厂牌的人带来福气,同时还爆料了自己当年免费为VAVA做“代理经纪”的往事,秀了一波自己的厂牌福利。<sep>  另一边“姐范儿”张靓颖碰上“江湖气”的GAI周延则让现场火星四溅,媒体群访环节张靓颖的全程刚正面更是刺激度堪比第一期正片。谈及之前Cypher中犀利的歌词是否有所指,张靓颖一句“是行业现象,你一听都就懂了,说明我们产生共情了,大家不要对号入座!”霸气十足。首播当晚因为“GAI给giao第二次机会”冲上热搜首位的GAI周延则被媒体顺理成章的问及对RapStar的评判标准,GAI周延先是自信满满一句“至少得像我一样吧!”引得全场惊呼。谈及对“南水北giao”这类网红艺人参加说唱的态度时,GAI周延坦言:说唱没有标准,你开口就是标准,只要你开口说,你就是你自己的RapStar。当被网友问及这几年对于流量、网红艺人的转变时,GAI周延则表示:说实话,我之前没有这样的朋友,不了解他们,但是每个背后的努力其实你是看不到的,不要用出身去定义一个人。<sep>  <sep>  新一季节目中,《中国新说唱2020》面临全新的破局点,明星制作人全面升级为厂牌主理人挖掘新生代说唱歌手,对此,爱奇艺高级副总裁陈伟及总制片人车澈分别在发布会上表示:新说唱是一个具有里程碑式价值的IP,是第一次把圈层文化用内容人的力量推向大众舞台,向年轻人诠释什么是潮流,什么是年轻人喜欢的青年文化。在近几年的海选中,很多选手会不约而同地说是受到了2017年的影响,爱上了说唱文化,然后和朋友一起去努力、学习并最终来到了这个舞台,因节目对年轻人造成的影响和改变才是说唱文化的最大魅力。<sep>  今年《中国新说唱2020》将继续推动改变中国潮流文化业态,让整个青年文化、潮流文化继续变得不一样。想成为一个RapStar,选手不仅要具备实力,更要具备足够的个人魅力以及商业价值,才是节目组真正要找的SSR。<sep>  为打造专属华语说唱的RapStar,给华语说唱产业注入更多的延展空间及新的生命力,节目在形式、赛制、舞美甚至追综、互动模式等方面皆有所突破。<sep>  今年《中国新说唱2020》联合各大平台、商业、厂牌等业界重磅资源合力打造华语说唱的RapStar。总制片人车澈表示:今年节目结束之后,会投入非常多的资源,包括和顶级说唱艺人合作,并动用国内、海外的资源给RapStar,做到真正打开圈层,促进华语说唱登上国际舞台,让说唱歌手有更多更好的发展空间。<sep>  为激发选手战斗欲,节目组在舞美方面可谓用心良苦,在原有舞台元素基础上,以“造梦工厂”为主题在今年的视觉中加入货运车、火车轨道、升降集装箱、燃油桶堆积,炫酷探照灯光等硬核工业设计风格,通过舞台效果保驾护航,为选手提供更多展示自己的机会。<sep>  随着节目播出及搞哈团的成立,还有哪些未解锁的惊喜呢?让我们一同期待每周五晚8点准时播出的《中国新说唱2020》吧。<sep>(责编:哈哈大王)
吴昕舞蹈实力获认可 本人回应:我很骄傲也很感恩	2020年08月14日 14:17	  新浪娱乐讯 14日,吴昕在《乘风破浪的姐姐》复活赛中,带来彩带舞与高难度地板动作,舞蹈实力引发热议。随后吴昕在微博发文回应:“没想到有一天我的名字会关联这个词条,我很骄傲也很感恩,你们努力把我投回来了,我必全力以赴,把忠于自己的舞台表演给你们”。<sep>  网友看完吴昕solo舞台也忍不住感叹:“昕昕子好励志”、“莫名有点感动”、“吴昕真的成长了好多”。<sep>(责编:烩饭)
江映蓉辟谣参加《中国好声音》:瓜好吃吗?	2020年08月13日 11:46	  新浪娱乐讯 8月13日,江映蓉在微博辟谣参加《中国好声音》传闻,并称:“这两天瓜好吃吗?前几天“我”在参加好声音?昨天我又被“推到”?”,还配上自己嘻哈范的表情包回应超飒。据悉,近日有网友爆料09年《快乐女声》冠军江映蓉将参加好声音,随后更有网友还爆出其过往绯闻引发热议。<sep>(责编:烩饭)
林小宅宣布不参加《超新星》直播比赛 因行程冲突	2020年08月14日 11:56	  新浪娱乐讯 14日,林小宅晒照宣布将不参加《超新星运动会》直播比赛,并称:“很抱歉因为工作行程冲突,不能按时出现在超新星运动会14日、15日的直播比赛中。私下练习了很久的比赛项目没办法展现在大家面前,还是有一点小遗憾的。在此感谢超新星工作人员的辛苦付出和粉丝们的支持,希望下一次我能不负约定。潮流赛区的队友们,请继续努力冲冲冲,8月16日我会在直播现场为你们加油打气的,等我!”<sep>(责编:烩饭)
罗PD新综艺遭遇滑铁卢收视砍半 原因:无核心卖点	2020年08月13日 09:18	  新浪娱乐讯 韩国王牌制作人罗英锡(罗PD)近期推出了最新综艺节目《暑假》,找来演员郑有美及崔宇植一同出游,两人“现实姐弟”般的互动,受到不少观众的喜爱。然而节目目前播出4集,收视率却从原先的4.9%跌至2.5%,足足少了一大半,而韩媒也分析了其中的原因,直言“没有核心卖点”。<sep>  根据韩媒《Sports Today》报导,罗PD所制作的节目大部份都受到观众的喜爱,却也一直有着“自我复制”的质疑,虽然一直有着指责,但观众依然买单的最大原因就是每一个节目都有各自的“核心卖点” ,例如《三时三餐》系列重点是自给自足,《尹食堂》则是餐饮生意,且各自有车胜元、李瑞镇等擅长掌控节目整体步调的出演者,可谓是节目的灵魂人物。<sep>  然而《暑假》却无明确卖点,也没有掌控节目节奏的出演者,虽然“在乡村休息,疗愈身心”为主旨,但却遭不少观众批评郑有美、崔宇植展现的日常相当枯燥乏味,即使“疗愈”是节目的重点,某种程度上依然需要趣味,节目整体没有明确的素材,且只有“日常生活”,对观众而言便容易失去兴致。<sep>  此外,之前《暑假》也曾在开播时因“日式色彩浓厚”、抄袭日本游戏等引起争议,虽然制作单位立刻就出面声明,调整拍摄地的装潢,并驳斥了抄袭说法,止血的效果却依然有限。7日播出的最新一集收视率掉至2.5%,接下来的嘉宾为演员李善均以及朴喜洵,吸引了不少人的期待,能为节目带来多大的加分效果也受到瞩目。ETtoday/文<sep>(责编:肉圆)
心连心公益直播走进凉山州 辛巴朱迅带货助农扶贫	2020年08月12日 16:01	  心连心不负韶华共圆小康梦,手牵手脱贫攻坚共赴幸福生活。在2020年这个特殊的时间节点,中央广播电视总台推出全新的“2020‘我们的中国梦’文化进万家‘心连心’慰问演出”活动,本次活动走进四川省凉山州喜德县。8月11日晚19:00,“心连心系列公益带货直播”作为活动的第一场,先声夺人开启“凉山州喜德县助农专场”。当晚,总台主持人朱迅联手主播辛巴,与歌手刘惜君,演员海陆、佘诗曼共同直播带货喜德特产、凉山好物、精品食材等十款产品。<sep>  <sep>  当晚,朱迅辛巴同台热情互动,共同推荐当地特色产品。大凉山核桃、农家腊肉、大凉山会理石榴。。。。。。众多好物让人垂涎欲滴,朱迅当场表示“一天没吃饭等的就是今晚的美食”。二人在直播间里进行了学彝族语言、比拼绕口令等互动。随后海陆加入直播间分享农家腊鸡等好物,还现场传授“吃鸡瘦身秘方”,直播间也变成大型“吃鸡现场”。刚参加节目归来的海陆还在直播间教跳网红舞蹈《无价之姐》,辛巴学跳时直呼“顺拐了”引发阵阵笑声,朱迅则学习得有模有样,颇有姐姐的“架势”。同时三人也寄语凉山州的发展:“希望大凉山的产品都能够乘风破浪走向全国各地”。<sep>  歌手刘惜君来到直播间并现场演唱《我很快乐》《万水千山总是情》,沉稳的演唱功力惊艳众人。伴随着动听的歌声,朱迅也抒发了她的感受:“就像刘惜君唱的歌一样,大家都不要小看大凉山,没有什么是熬不过的,当地的脱贫攻坚、决战决胜一定会胜利”。之后,佘诗曼也惊喜地出现在直播间,与网友共同分享好物。最后她倾情寄语凉山州“通过大家的共同努力,希望当地发展得越来越好”。<sep>  一个多小时的直播结束后,产品销量喜人,一晚的总销量超过72万,总销售金额突破2500万元。多款产品均突破计划供应量,以“凯特芒果”为例,本计划推出数万箱,但在网友的热情下单氛围下,辛巴屡次提升预售供应量,最后销量在短时间内突破了30万。凯特芒果、大凉山核桃的供应商均来到直播间,面对惊人销量笑逐颜开,纷纷笑称“把隔壁村的产品都凑起来也发不了那么多啊”。这次公益直播带货,拓展了当地人民的创收新思路,也极大地带动了农产品的增产增收。可以说,直播带货聚焦当地历史与经济社会发展情况,以“直播带货”这种新兴模式为当地脱贫攻坚贡献了力量。<sep>  <sep>  2020年是全面建成小康社会决胜之年、实施“十三五”规划收官之年、脱贫攻坚决战之年。受制于历史、交通、语言和经济发展水平等各类因素,尽管拥有绝美的自然风光,四川省凉山州却难以摆脱贫困的阴影,喜德县就是7个贫困县之一,同时也是中央广播电视总台组建后第一个定点帮扶县。此次公益直播带货便是定点帮扶助农惠农之举。<sep>  在公益直播带货期间,几位“直播带货员”针对如何“健康扶贫、推动可持续发展”深有感悟。主播辛巴在直播中表示:“当下的互联网时代让大家接收信息变得更便捷,因此我也希望大家能够多关注大凉山,有更多人的关注大凉山才会有更好的发展,我真心希望通过我们的直播宣传,能有更多的企业将技术带到当地,来为推动当地脱贫摘帽作出贡献”,在直播结束后还表态“还要再来”。总台主持人朱迅惊叹于当地“拥有太多好吃的食品、好看的景色”,还活学活用彝族语言,表达了对当地的美好祝愿:“大凉山其实遇到的产品销路的问题都是因为宣传不够,但是当地的产品真的‘瓦吉瓦’(好极了),当地的人民也‘瓦吉瓦’,我希望大家都能为助力脱贫攻坚出一份力,全面建成小康的路上一个都不能少,都要生活‘瓦吉瓦’”。<sep>  聚焦深度扶贫,攻克艰难共向前。“心连心系列公益带货直播”深入推进扶贫助农,进一步鼓舞了人心、凝聚了共识、提振了士气。接下来,“心连心系列公益带货直播”还将走进更多地方,邀请更多知名主播以及文艺工作者来推动内容升级、促进农副产品销量提升。我们坚信“脱贫攻坚的最后一公里”必能在互帮互助、携手前行中走完,每一个人都会生活得“瓦吉瓦”,对未来更加充满期待!<sep>(责编:哈哈大王)
金曲新唱群星闪耀 《唱过夏天》第二期精彩继续	2020年08月12日 12:07	  音乐不停,律动不息。8月11日晚21:00,中央广播电视总台文艺节目中心推出的《唱过夏天——2020流行音乐大型演唱会》继续在CCTV-3、 CCTV-15、央广音乐之声、央视频、央视网等平台激情开唱。<sep>  在第一期播出之后,当晚通过央视网多终端观看人数达39.5万人,观看次数为68.8万次;包括央视文艺、央视频在内的频道直播累计观看人次总计1100万;而竖屏直拍的观看量达39万,互动评论量超过7万。没有主持人、纯享音乐的现场回归音乐本身,现场大屏和互联网技术,实现了与听众的实时反馈与互动。“如今已经很难得见到的全开麦音乐现场,歌手都很稳,厉害!”“现场Live好评,感觉没有听够”,《唱过夏天》一经播出就掀起了讨论的热潮,在微博相关话题的阅读量破亿,广受好评。<sep>  当晚,来自北京的对角巷乐队用一首《想说却还没说的》治愈开唱。绚丽的舞台、暖黄的灯光、主唱和缓的音色配合着温柔的和弦,即使是隔着屏幕,也能将暖意随音乐流进听众的心里。随后对角巷乐队演唱两首歌曲《列车》《Tonight》,用充满现实意味的歌词、独特的英式摇滚浪漫,让我们沉浸在唱过夏天的音乐纯享舞台中。<sep>  《唱过夏天》双舞台的搭建让音乐现场没有丝毫停歇,紧接着的一束追光之下,高进抱着一把吉他开始弹唱《怀念青春》,带观众走进了他的音乐世界里。“因为我刚好遇见你,留下足迹才美丽”,当熟悉的旋律响起,高进用《刚好遇见你》与《下雪哈尔滨》两首歌,将现场的气氛逐渐推向了高潮,与听众一起实现了台下与云端的联动大合唱。<sep>  一阵热情的欢呼尖叫声之后,任贤齐的出场唤起了许多人的青春回忆。他用乐队演奏版《还有我》和《想你啦》的音乐现场,向粉丝与听众深情告白。演唱过程中他与乐手之间进行紧密的眼神交流与互动,举手投足之中都释放着音乐的魅力,出道已经30年的任贤齐让时间停驻在了美妙的音乐时刻。受到任贤齐的邀请,年轻的创作歌手宋秉洋走到舞台前,与任贤齐一起动情合唱了《浪花一朵朵》与《我是一只鱼》,欢快的旋律将快乐透过屏幕散播开来。在《唱过夏天》这个舞台上,年轻歌手与乐队的加入让熟悉怀旧的旋律呈现出新的色彩。<sep>  合唱过后,具有中国风特色的伴奏响起,郑云龙一袭西装登场,吟唱着歌曲《莫失莫忘》,缠绵悠扬的歌声环绕着整个现场。随后的一曲《你的微笑》,富有感染力的歌声让所有人的嘴角在不经意间向上扬起。<sep>  “最后一首歌,《不会成真的梦》,选自音乐剧《堂吉诃德》。”简短的介绍后,郑云龙一改上首歌的流行唱法,开始进行音乐剧式的歌曲演绎,可谓是真正地“声入人心”。还在回味郑云龙的歌声之时,音乐伴奏的鼓点渐强,郭聪明唱着《你会遇见更好的人》出现在舞台中央,具有爆发力的歌声冲破屏幕向听众们送去最美好的祝愿。<sep>  最后登场的野孩子乐队首先在现场演奏了《红河谷》,这首歌将民歌与现代音乐完美结合在一起,温柔的诗意如一阵微风吹拂着唱夏的舞台,带来一丝清凉。<sep>  “天苍苍,野茫茫,风吹草低见牛羊”,在吟诗式的独白之后,野孩子乐队接着带来了一首《敕勒川》。这支来自西北的乐队用民谣将草原的苍茫淋漓尽致地展现出来,吟唱了来自黄土高原的那份茂盛的生机。在节目的最后,野孩子用《啊朋友再见》为这一场音乐宴席做了一个完美的收尾,令人意犹未尽。<sep>  这一场酣畅淋漓的流行演唱会,通过现场直播,采用“线上线下+大屏小屏”的互动形式,让音乐纯享成为可能,让世界更动听,也让内心更安静。今晚21:00,胡德夫、梁咏琪、常石磊、金莎、马赛克乐队、果味VC、小娟与山谷里的居民将相聚带来更多精彩。“民谣之父”胡德夫的登场会带来怎样的经典现场?金莎将如何在舞台上用歌声“乘风破浪”?马赛克乐队又会用怎样的表现燃炸现场?锁定CCTV-3、 CCTV-15、央广音乐之声、央视频、央视网,让我们共同期待这场音乐盛会,一起唱响一“夏”!<sep>(责编:哈哈大王)
东方神起郑允浩《发明王》开播 用发明解决不便	2020年08月11日 16:17	  新浪娱乐讯 东方神起成员郑允浩出演的网络真人秀《发明王》将于今天正式开播。<sep>  《发明王》是郑允浩出道后首次一个人出演网络真人秀,他在节目中将接受人们的委托,通过发明创造来解决日常生活中的各种不便。<sep>  《发明王》将在每周二下午6点30分发布最新一期。吕东垠/文 版权所有Mydaily禁止转载<sep>(责编:肉圆)
《唱过夏天》拉开音乐狂欢 歌手王源找回音乐初心	2020年08月11日 15:46	  夏日末梢,让音乐捎来一份清凉。8月10日晚21:00,中央广播电视总台文艺节目中心推出的《唱过夏天——2020流行音乐大型演唱会》在CCTV-3、 CCTV-15、央广音乐之声、央视频、央视网等平台正式开唱。多音乐类型混搭打破了音乐圈层;环形场景搭建、双舞台设置十分吸引眼球;现场直播云连线远程联动,实时反馈观众对音乐的感受。第一期节目播出后,有网友在新媒体评论区留言称:“感谢央视让我们看到了一场真演唱、真直播的演唱会,太久没有听过这样的纯live,今天真是有亲临现场的感觉”。<sep>  当晚,“清新摇滚乐”最佳代表旅行团乐队上场,以一首《逝去的歌》拉开夏日音乐狂欢的序幕。暖橘色灯光下,旅行团乐队温暖治愈的嗓音让观众沉入温柔的音乐海洋。演唱《奔跑在孤傲的路上》、《永远都会在》让乐队还收获了一波“颜粉”,观众隔屏直呼主唱孔阳“好帅”。在浪漫和现实之间,旅行团乐队就像一个专属夏天的清新符号,用歌声给所有观众带来了新的希望。而一出道就被称为“音乐精灵”的苏运莹,则用《生活倒影》把现场清新感怀的氛围推到了高潮。一身黑色裙装的她像个暗夜精灵,现场音乐风格十分百变:《忧伤少年和阳光女孩》节奏轻快,《徒步》则深情美好。苏运莹用她独有的、不受定义的风格,在流行音乐中创作出了独一无二的味道。前段时间,南方汛情牵动着每个中国人的心。苏运莹在演唱《徒步》时,抗洪救灾的画面出现在屏上,那句“让变强壮的身影救赎唯诺”成了所有人心底的宣言。伴随着充满力量的歌声,人民子弟兵的英雄本色震撼人心,诠释了军人的使命担当。<sep>  如果说苏运莹用音乐告诉所有人音乐就是自由,那么萧敬腾则用老牌情歌告诉观众音乐也可以用来感怀青春。《让我为你唱情歌》、《只能想念你》一响起,当独特的声线隔屏传到观众耳里,观众纷纷直呼“爷青回”,可见音乐的影响力。但青春不止萧敬腾,当晚韩雪变身“仙女”,穿着白色裙装唱起当年为她度身定制的《飘雪》,略带悲情的嗓音有穿透人心的力量。《想起》和《狂想的旅程》更是尽显她婉转的曲风。在听完众多流行歌曲之后,“二字弟弟”王源还未开唱就引发了无数期待。以歌手身份营业的他带来一首展现他成长历程的《四百击》。在这个琉璃般闪亮的盛夏,少年王源用薄荷音融合抒情摇滚,用音乐告诉了观众他远不止《四百击》的四百种可能。而被老狼誉为“奇女”的民谣先声张浅潜,一出场就带观众穿越到民谣的时空里:《花语》、《爱的港湾》、《逆风的玫瑰》、《星月之河》的孤独感中有洒脱感,在深蓝色和紫色灯光的映照下,张浅潜用音乐寄托着她的思绪,让观众找到了心灵停靠的港湾。<sep>  摇滚、民谣、流行,正是各种不同类型的音乐荟萃在《唱过夏天》的舞台上,让现场成为了一场真正的音乐盛宴。七天现场直播、七天现场真唱的形式让世界更动听,也让内心更安静。在8月11日晚21:00的现场直播中,任贤齐、高进、对角巷乐队、野孩子乐队等众多歌手、乐队将带来更多惊喜,任贤齐是否会再唱成名曲?郑云龙会演绎怎样的歌曲风格?野孩子乐队又将带来怎样的舞台?8月10日到8月16日,每晚21:00,锁定CCTV-3、 CCTV-15、央广音乐之声、央视频、央视网,看现场直播live,一起感受音乐真正的魅力!<sep>(责编:明侦探)
李宇春加盟《好声音》 谢霆锋调侃用好吃的抢学员	2020年08月11日 12:29	  新浪娱乐讯 8月10号,《2020中国好声音》发布会顺利举行。发布会上,导师李宇春、李荣浩、谢霆锋、李健悉数亮相现场,大谈选人标准以及对原创音乐的各自理解。<sep>  在李宇春之前,好声音有两位女导师都带出了冠军,对于是否能带出冠军学员,李宇春表示,尽力就好。采访中,三位有录制经验的导师也一致坦言,称李宇春会是很好的导师。当问及抢不到学员怎么办,谢霆锋玩笑道,那就做好吃的馋其他导师。<sep>  <sep>  发布会上,四位导师透露选人标准,李荣浩表示,第一感觉最重要。李宇春也附和道,看重主观的感受。李健表示,音乐是善意的表达,会选择能打动自己的。谢霆锋则坦言,希望可以找一些在未来几年可以代表华语乐坛的声音。众所周知,李荣浩的专辑制作很多都是自己亲历亲为,对于主持人“不让别人赚钱”的调侃,李荣浩笑道,没有,印刷我不行。不仅如此,李健还透露道,自己的新专辑里会有15首歌曲,请大家多多期待。<sep>  据悉,此次好声音新增原创音乐赛道,提及原创音乐李健表示,原创是最珍贵的,李宇春表示,自己也是从开始翻唱别人的歌曲再到自己创作,也很期待其他选手的音乐。谢霆锋坦言,原创是音乐的最根本,现在音乐的创作的门槛比原来的低很多,之前自己都会随身带着录音笔,有灵感就赶紧录下来。<sep>  游戏环节中,当三位导师用李宇春的名字哼出《无价之姐》曲调后,李宇春一脸茫然表示自己没听出这首歌的曲调。随后李宇春马上“回赠”了一首李荣浩名字唱的李荣浩的歌,赢得其他三位导师一致赞赏。<sep>  <sep>  采访中,当问及李宇春之前两位女导师都带出了冠军,对此有什么期待时,李宇春表示,这样说压力很大,尽力就好,其实更多期待是音乐的多元性和原创音乐的呈现。当问及李荣浩是否有信心连任冠军导师,李荣浩表示,我们只是辅助,学员们才是主力,希望自己可以帮助他们选到好的歌。<sep>  当问及谢霆锋对带出冠军学员有何策略方向,谢霆锋调侃,不方便透露,其实说不准,我们还没碰见所有学员。谢霆锋作为歌手中比较会做菜的厨师,至于有没有给其他导师开小灶的打算,谢霆锋表示这是战略之一,抢学员时候抢不过其他导师就“馋”他们。李健附和,终于能吃到了,以前只能闻到味道。<sep>  当谈及第一次在好声音担当导师的李宇春表现如何?三位有着参加好声音录制的导师一致坦言:李宇春会是很好的导师。李健说道,下午录制的时候春春一下子就进入状态了。李荣浩也夸道,春春是我的前辈,其实她在电子音乐方面很强,希望我能学到一些东西。谢霆锋直言,很久没和春春合作了,期待再次合作。<sep>  对于网友调侃李健“段子手”,李健表示,这个节目让我学会了点评,要趣味横生,还要照顾选手的自尊心,对于歌手来说很难,所以我被好声音锻炼出来了,其实有时候说一些玩笑话只是想让学员放松下来,李荣浩在旁调侃,不要把你的唠叨用华丽的外衣包装起来。(奋斗乌托邦/文)<sep>(责编:明侦探)
《密逃》官微回应杨幂粉丝诉求 重新斟酌每个镜头	2020年08月11日 00:08	         新浪娱乐讯 8月10日,《密室大逃脱》官微发文回应杨幂<sep>粉丝诉求,称:“《密室大逃脱》第二季的成员们用他们的智慧和团结彰显了无惧艰险勇往直前的榜样精神,让很多人爱上了这个节目,也让更多人认识了本桃。正因如此,近期因节目内容调整而产生了一些误会,本桃感到十分内疚。为了弥补大家,本桃正加班加点在后期机房守着,用最严谨的心态重新斟酌每一个镜头,用最诚恳的语言鞭策每一个编辑!希望能够在今后继续给大家呈现一个更棒更有趣的节目”。<sep>         此前,杨幂官方粉丝团发文称“突然发现杨幂在该节目最新一期plus正常采访的镜头被删剪,且是在没有收到任何通知的情况下,这不仅是对杨幂女士合理权益的损害,也是对她个人的不尊重!并且该事件在后续短时间内于不同平台进行了舆论发酵,继而出现了大量的虚假信息,对杨幂本人的形象造成严重恶劣的影响。”
赵丽颖不受争议影响晒照 甜笑为《天天向上》庆生	2020年08月10日 09:46	  新浪娱乐讯 9日,赵丽颖“扒拉饭碗”后发文晒美照,并称“#天天向上十二周年#好久不见,祝天天向上生日快乐”。照片中,赵丽颖穿小香风针织衫露甜笑。<sep>  据悉,最新一期《中餐厅》播出后,有网友发现赵丽颖一直用筷子扒拉饭碗,认为此举不礼貌,引发热议。<sep>(责编:烩饭)
黄晓明为赵丽颖发声:在盆里找肉吃是我们的乐趣	2020年08月09日 22:51	         新浪娱乐讯 8月9日,张亮<sep>就赵丽颖<sep>用筷子“扒拉菜”一事为赵丽颖发声
郁可唯剧透《乘风破浪》出道人数:听说有五个	2020年08月09日 22:16	  新浪娱乐讯 8月9日,郁可唯<sep>在青春芒果夜剧透<sep>出道人数,她表示:“听说有五个。”何炅<sep>还不忘调侃她:“ 太清楚了,太明白了。”你期待哪几个姐姐出道?<sep>(责编:小5)
宁静透露不追看《乘风破浪的姐姐》:害怕影响心情	2020年08月09日 20:40	  新浪娱乐讯 8月9日,宁静<sep>和郑希怡<sep>亮相青春芒果夜并一起接受了媒体采访。宁静透露,自己没有追看<sep>,因为害怕影响到心情。有媒体问到,如果身处荒岛,必须选一个姐姐陪自己,宁静会选谁?宁静答道:“当然选郑希怡,因为她就在我身边,而且她特别值得依赖,我可以信任她。”<sep>(责编:小5)
万茜回应骨折恢复情况 透露戴护具为防止肌肉萎缩	2020年08月09日 19:24	  新浪娱乐讯 8月9日,万茜<sep>戴闪钻护具出席活动,也表达了目前的身体状况,她称:“外伤的恢复情况比较感人,问题比较大的是运动神经受损还没有完全恢复,如果没有护具会导致肌肉萎缩。”<sep>(责编:小5)
杨超越收到节目组送的锦旗:三朝元老 原石破零	2020年08月09日 16:49	  新浪娱乐讯 8月9号,杨超越<sep>收到了《心动的信号》第三季节目组寄来的锦旗,上面写着:“三朝元老,原石破零”,杨超越穿着白色连衣裙,神情认真,对着镜头竖起了大拇指,看来对于节目组送来的锦旗还是很喜欢的。杨超越发微博还配文到:“锦旗收到,使命必达,这次我一定能够破零!”网友看到后也忍俊不禁:“超越妹妹这次我们的目标是突破0! ”(砂糖桃子/文)
