,title,time_stamp,article
0,《爆款星主播》首位嘉宾曝光:带货女王薇娅现身,2020年08月03日 18:52,"  近日,综艺节目《爆款星主播》官宣启动,由沈涛和关关分别担任“首席聚星官”和“星推助力官”,并集结圈内“星”朋友叶一茜、朴树、周奇、何洛洛等联合打call,官博同时放送了一张首位飞行嘉宾的概念海报,惹得粉丝纷纷参与竞猜为爱豆喊麦打CALL,反响之热烈成功引起围观。<sep>  “废话不多说,先来抽波奖”、“不用想,直接拍”、“没了吗?全加”...... ”这几句带有明显个人色彩的口头禅将答案直接指向“淘宝第一主播”、“带货女王”薇娅本娅无疑了。作为直播界的翘楚,直播卖火箭的第一人,薇娅在直播届的地位和成绩有目共睹,2019年薇娅全年带货额300亿,据凤凰网2020年6月《直播电商主播GMV月榜》显示,薇娅的单月GMV更是一骑绝尘以27.42亿元的销售额遥遥领先,成为总榜单第1名!<sep>  今年以来,薇娅开始活跃于各大综艺节目,如:《王牌对王牌》、《极限挑战》、《跨界歌王》等,获得无数个粉丝的喜爱。本次薇娅将以飞行嘉宾的身份出现在《爆款星主播》现场,与沈涛、关关等众明星一起针对参赛选手的现场表现进行专业点评和指导,以场外视角探讨节目,为节目升温和制造系列话题。作为综艺节目的“新鲜血液”,薇娅的加入必将给《爆款新主播》带来很多新鲜的感觉和不一样的观看体验,吸引更多粉丝眼球。<sep>  作为融合了“直播”+“真人秀”的全新物种,由场景互娱、蓝象传媒、定向互动联合出品,腾讯视频平台独播的《爆款星主播》积极探讨如何运用综艺力增加品牌“内容力”这一课题。通过内容丰富、观赏性强的节目内容将主持人、明星、选手与品牌自然连接,借助节目中不同性格、形象的节目嘉宾达到品牌传播的目的,既加强了观众对品牌的认知和印象,又巧妙地与节目建立了新的互动方式。<sep>  据悉,《爆款星主播》将在11月登陆腾讯视频独播平台,在“ 全民皆主播 ”浪潮下打破圈层,通过多方位呈现主播特色,为年轻主播们搭建了一个个人IP独家打造的舞台,吸引观众、主播、平台、品牌等各方深度参与。一场席卷全行业的“主播热”浪潮呼之欲出,一场更激烈的品牌营销升级战也即将开启。<sep>(责编:哈哈大王)"
0,黄圣依《浪姐》首秀说唱 《我的新衣》燃爆全场,2020年08月03日 18:35,"  近期,综艺节目《乘风破浪的姐姐》持续热播,并进入了第五轮公演阶段。在此轮公演中,黄圣依自首轮之后,再次被分入由张雨绮领衔的“7人团”。并在公演中首次秀出说唱功力,一首《我的新衣》引爆全场观众热情。<sep>  <sep>  热门综艺《乘风破浪的姐姐》进入了第五轮公演的阶段,在此前口碑大逆转的“依依子”黄圣依,在首轮之后,再次被分入由7位姐姐组成的“7人团”中,在节目中,人数少是优化女团舞台呈现的一大“法宝”,更多的人数意味着更为复杂的走位编排,对于舞蹈的整齐程度也要求更高,“7人团”舞台难度可见一斑。然而黄圣依却在此轮表现的信心十足。在训练环节,黄圣依主动帮助队长张雨绮集合队友,并力挺队长表示其经验丰富,绝对值得信任。<sep>  在首场表演中,黄圣依组演绎的《我的新衣》一亮相就震撼全场,在队友郑希怡意外受伤无法参加舞蹈的情况下,依然奉献了一场完成度很高的表演。黄圣依在表演中,献出《乘风破浪的姐姐》中说唱首秀,并在表演中展现“甩头杀”,燃爆全场,引来观众频频惊叹。<sep>  <sep>  在此前的节目中,黄圣依因为慢热的性格,网络口碑经历了从“全网黑”到“全网粉转黑”的大逆转,而在本期节目里,黄圣依与队友的谈话中,揭秘了自己慢热的根源:黄圣依在节目中表示自己交友的圈子很小,平时也不爱出门参加聚会,在剧组期间,在拍摄结束后便会回到房间。并直言自己“好说话”,剧组需要加班拍摄或临时增场,从来都是有求必应,十分敬业。这一番吐露心扉的表达,让观众在弹幕中纷纷表示:“没想到你是这样的依依子”。<sep>  随着《乘风破浪的姐姐》赛程逐渐进入白热化,队员们的友爱情深也成为了观众津津乐道的话题,此前黄圣依和队友郑希怡的“床咚”互动,就引发全网热议。赛制虽然残酷,大家的友谊却真挚坦诚,让网友大呼“好有爱”。如今比赛仍在激烈的进行,本周播出的节目将会揭晓此次公演结果,值得期待。<sep>(责编:哈哈大王)"
0,王丽坤:早想到会被淘汰 看自己表情包也很诧异,2020年08月03日 14:57,"  “当你面对你不擅长的事情或者害怕的时候,反而去勇敢地面对它,你会发现它也没那么可怕,也许还会有不一样的收获。”<sep>  在7月24日播出的《乘风破浪的姐姐》第三次公演中,王丽坤被淘汰了。当晚,她在社交媒体发表长文吐露了自己离开后的心情和感受。<sep>  虽然在节目中被淘汰了,但是生活和工作还在继续,这些日子王丽坤马不停蹄地忙于各种工作,在经历了心情的沉淀后,她接受了新京报记者的专访。<sep>  <sep>  距离录制已经过去了一段时间,再提“淘汰”,王丽坤似乎很平静,“我是去感受这个舞台的,早晚会走,只是早一点晚一点而已。”这是王丽坤对于这段经历最真实的总结。她早有心理准备,没有不甘和遗憾,其实就连“早一点”和“晚一点”对她来说,意义也都是一样的。<sep>  正如她在社交媒体发文告别《乘风破浪的姐姐》时开篇所说的那样——“我是一个演员”,她总是把这话挂在嘴边。王丽坤会给自己一个很明确的定位,她很清楚,成团与否,那又怎么样呢?她终归会回到自己的本职工作上。“只不过在那个氛围里,和其他姐姐一起组团,一起拼,肯定希望有一个好的结果。”<sep>  所以,多留一期或者早走一期,现在她想想,其实没什么区别,“对于我来说,三次舞台已经有挺多收获的了。”<sep>  对于离开,她在情绪上其实没有太大的波动,只不过淘汰的那个当下,她明明早就想到了,但是真到面对的时候,还是会有一丝丝失落。说这话时,她的语气很柔和,声音不高不低却温柔有力,就像她本人一样。<sep>  <sep>  最初接到节目组邀约,王丽坤有一点犹豫,这两年很火的选秀节目她几乎都没关注过,“女团”这个词对她来说很陌生。犹豫的点,是因为觉得自己不擅长,但她又觉得自己好像还有一些兴趣。<sep>  “我觉得可以学一些没学过的舞种,而且我一直觉得歌手站在舞台上的那种感觉特别棒。”<sep>  在成为演员之前,王丽坤是学舞蹈的,她对舞台有感觉,“在舞台上,紧张也好、兴奋也好,都是很即时的回馈感,我很怀念这种在舞台上的感觉。”<sep>  能重新回到舞台,是打动王丽坤参加节目的助推力。对节目形式的新鲜感和强烈的好奇心,也让她最终决定加入。<sep>  虽然没怎么看过选秀节目,但是王丽坤知道这种节目会给大家上课、培训、练习,最后呈现出一场演出,大家在一起竞争。她也曾经以为,都是她这种“音乐小白”来参加这样的节目,“去了之后才知道,原来很多都是专业歌手,还有专业女团出来的。”<sep>  录制的前一晚,王丽坤还在问编导,到底都有谁,“他们也不说,搞得很神秘。”正如观众看到的那样,每个参加节目的姐姐,都是到了现场才知道其他“姐姐们”是谁,“当下就有点慌”,她觉得其他姐姐的实力都很强,但很快她安慰自己:既来之,则安之。<sep>  <sep>  第一次参加公演,王丽坤和伊能静、王智组成了一个三人团。因为排名原因,拿到的是一首她完全不擅长的歌曲,“歌儿很好听,但是对我来说太难了”。“不想给大家拖后腿”,在唱歌方面完全没有接受过培训的她,感受到了前所未有的压力。“当时伊能静姐姐一直在辅导我,包括唱歌的经验和技巧,王智也和我一起。我们就像相互鼓励、扶持的困难户。”<sep>  回忆起自己参加节目后最艰难的时刻,王丽坤表情很是轻松,“但是当下真的没办法从容。”<sep>  有了第一次的经验,到了第二次公演,王丽坤拿到了摇滚风格的歌曲,还是有很多人担心她的表现,她说她给自己设定了更适合的训练计划。“因为已经知道那个流程了,我就可以更好的安排自己,比如舞蹈我练两遍就会了,更多的时间可以练歌,李斯丹妮很擅长说唱,我跟着她,就有了方向。”<sep>  王丽坤庆幸自己是个演员,演员的本职工作就是要扮演好自己的角色,虽然舞台上的一些东西并不是她所擅长的,但是在团里,她觉得自己应该扮演好自己的角色,站好那个位置,她也很感谢队友们给自己的鼓励和支持,也正是在这个过程中,她回过头再去想,原来也许这就是所谓的“女团精神”。<sep>  <sep>  <sep>  性格慢热的王丽坤,在30个性格迥异的“姐姐团”中,很难让人一下就注意到。尤其是在前两期的节目里,她的镜头并不是最多的,也并非话题的焦点。<sep>  “我不太善于和别人交际,找话题聊拉近关系,我偏慢热。”直到现在,在30个“姐姐”中,王丽坤也只跟曾经拍戏合作过及组过团的姐姐有更多的交流和接触。<sep>  从第三期开始,王丽坤似乎突然活跃了起来,很多表情还被网友截图做成了表情包。她说最后一期的时候,王霏霏发给她一个片段,是王丽坤在使劲摇晃王霏霏,被人做成了表情包,当时大家觉得特别好玩。但是王丽坤自己很诧异,她完全没意识到自己摇晃得那么用力,“我当时内心就是想告诉她,不要自责,你已经很棒了。”<sep>  王丽坤说,节目组的录制还是很贴心的,都是隐藏摄像头,所以大家在慢慢地相处中,真情流露。从第一期的慌乱、紧张,和大家的生疏,到后来的放松,和团员的熟络,王丽坤也展现了内心最真实的状态。<sep>  来参加这个节目,王丽坤说,最大的收获就是以后更愿意去尝试一些以为自己不擅长的事情,而不是选择逃避。<sep>  新京报记者 张坤玉<sep>(责编:kita)"
0,《成为妈妈后》刘芸分享多面人生 身份变勇气不变,2020年08月03日 11:12,"  新浪娱乐讯 由腾讯视频、北京有养成长传媒有限公司联合出品的女性纪实类节目《成为妈妈后》第二季已于7月27日起每周一、二中午12点在腾讯视频播出。节目通过真实记录大S徐熙媛、刘芸、谢杏芳、李艾等中国女明星成为妈妈后的日常工作和生活,分享她们关于生育、养育的经验,解读他们成为妈妈后的忙碌、困惑、思考、成长。与万千女性共情,为新一代妈妈发声。本周嘉宾刘芸带着观众回到了自己的成长地,分享自己从一名演员,到妻子,再到妈妈,不同身份带给她的“变”与“不变”。<sep>  <sep>  本期节目中,刘芸重回她的成长地五一中路小学,分享自己成长经历:11岁离开长沙去广东学舞蹈,16岁决定放弃舞蹈考中戏,28岁那年,刘芸放弃了女演员的黄金期,选择和郑钧结婚生子......每一次人生节点,刘芸的决定都干脆利落。<sep>  如此果敢的性格,或许是源于父母之间的恩爱,以及父母对自己所有选择的无条件支持。不过,在刘芸的人生决定中,只有一件事,是连父母都强烈反对的——就是选择结婚生孩子。父母觉得刘芸还是个孩子,她连自己都照顾不好怎么照顾好这个意外的小生命。对此,刘芸也坦言,自己“母性”并不强,没有想很早当妈妈,“小天使Jagger ”是意外出现在了生命里。<sep>  可是,在周围的反对和质疑声中,她认为成为妈妈后一切问题都可以迎刃而解,所以坚定选择了“小天使”。她说,害怕变化不如拥抱变化。<sep>  <sep>  作为大众熟知的女演员,刘芸在事业上升期选择沉寂四年陪伴孩子成长,复出后又决定以综艺真人秀快速回到大众视野,这些选择和行为不可避免地遭到了一些人的非议。面对流言与误解,刘芸说“我不想活在一个综艺里,如果每一个误会我都去解释还挺浪费生命的,我选择在每个新工作里做自己。”不同的社会身份集合在同一自然人身上,演员、母亲、妻子、女儿这些身份并不冲突,就像每一个职场妈妈一样,在选择自我的同时也是在自我选择。<sep>  除了工作中的坚持外,刘芸也想成为能被孩子欣赏的母亲,节目里,她更多地分享了成为妈妈后的家庭生活,褪去职场女性身份外的她也有专属于家庭的韧性与柔软。作为10岁孩子的妈妈,她分享缓解孩子上网课焦虑的方法,也聊起儿子写的第一首歌和逐渐展露的音乐天赋时满面欣喜,更愿意为孩子变得不那么倔强拥有软肋。如果说,家庭像一支乐队,那妈妈就是这支乐队的指挥家,为爱定调。刘芸说她想成为一个陪伴成长型的妈妈,和孩子一同学习成长,任何情况都勇敢面对。<sep>  《成为妈妈后》作为腾讯视频与北京有养成长传媒合力打造的育龄女性纪实类节目,在制作升级、内容升级背景下致力于为“妈妈”们带来共鸣。此外,腾讯视频母婴频道也不断深耕品类内容,联合有养共同推出更多优质业内专家达人妈妈,为妈妈群体提供育儿生活上的多方支持和专业解读,进一步优化母婴品类内容生态。相信随着节目播出,徐熙媛、刘芸、谢杏芳、李艾四位优质正向明星妈妈的陆续分享和专业领域的强力背书,将会激励更多妈妈不断升级,自我成长,希望每个女性都可以用自己喜欢的样子成为妈妈。<sep>(责编:明侦探)"
0,《隐秘》朱朝阳长得比严良高 周春红:牛奶没白喝,2020年08月03日 08:31,"  新浪娱乐讯 8月2日,<sep>“朱朝阳”荣梓杉<sep>、“严良”史彭元、“周春红”刘琳<sep>和“王瑶”李梦<sep>四位主演上节目做客,网友也惊奇地发现,“朱朝阳”荣梓杉已经比拍摄<sep>时个头高了很多,跟“严良”史彭元站在一起时,个头甚至比他还高。<sep>  “朱朝阳”个头比严良还高引发网友热议,“朱朝阳”荣梓杉转发微博,称“被发现了”,而在剧中扮演朱朝阳妈妈周春红的刘琳也转发微博,称“看到朝阳长这么高 ,妈妈甚感欣慰 ,牛奶没有白喝啊。”<sep>(责编:vhaha)"
0,“氧气女神”王衣田受邀参与《星空青春季》录制,2020年08月03日 09:42,"  新浪娱乐讯 新晋人气小花王衣田因外表甜美而受关注,虽然娱乐圈从不缺少高颜值女艺人,不过像王衣田这般自带灵气的小花却少有,不少粉丝将她称为“氧气女神”。<sep>  王衣田早前受邀参与公益综艺《星空青春季》的录制,搭档喜剧演员修睿,虽然是新人,还未有足够的拍摄经验,不过面对镜头,王衣田丝毫不怯场,且敢于向导演表达自己的意见和想法,现场工作人员对其一致好评。<sep>  凭《星空青春季》获关注后,王衣田作为00后新生代小花,其清纯靓丽的形象为她赢得很多粉丝。<sep>(责编:明侦探)"
0,第四季男女都可报名?《创造营》官博辟谣:假的,2020年08月02日 20:35,"  新浪娱乐讯 8月2日,在腾讯视频年度发布会上,《创造营2021》宣布选手招募启动,随后网传第四季男女都可以报名,对此,腾讯视频创造营2020官微否认称:“假的”。<sep>(责编:麦子七)"
0,白举纲回应乐队淘汰:狭隘的定义不能代表摇滚,2020年08月02日 11:25,"        新浪娱乐讯 在最新一期的《乐队的夏天2》中,白举纲<sep>所在的“白日梦症候群”乐队遭到专业乐迷的质疑而被淘汰。白举纲8月1日晚发长文回应此事,他表示对于这次比赛,他很享受,他很开心,对于比赛的结果他接受。相对于口舌之争,他们更在乎自己的音乐能够与多少产生连接。<sep>        对于专业乐迷认为他不适合做摇滚这一点,白举纲表达了自己不同的看法,直言“老师们的狭隘定义更不能代表“摇滚”,摇滚不代表“地下”、“愤怒”、“坏小孩”。“随着时代的进步和变化,摇滚乐对我们而言,是鼓舞我们的老师,是传递力量的战友,是在我们快撑不下去的时候来的一剂强心针。”直接阐发了自己对于摇滚的热爱。在文章的最后,白举纲向所有的合作伙伴、观众以及节目表达了感谢。<sep>        随后陈坤<sep>也在评论区留言鼓励白举纲:“每个人读解都不一样,正常,不要太当真。你好好的,开心的唱歌,观众席留座位给我。”<sep>        据悉,在最新一期的《乐队的夏天2》中,白举纲舞台表演结束后,在大众和超级乐迷票数超高的情况下,专业乐迷只给了两票。而专业乐迷给出的解释是白举纲的表现实在“太好孩子”不适合做摇滚,并没有地下的那种“核”的存在。一旁的周迅<sep>帮助白举纲说话,称时代或许是已经变了,并不是好孩子的错误,称白举纲这样没有问题。<sep>        网友也通过留言的方式表达了自己对小白的支持:“你很棒,七年了,就是很棒!”“从13年到现在,一直能看到你的进步,也给了我很多力量!冲啊白!我们一起加油!!!!”(砂糖桃子/文)<sep>(责编:七七)"
0,孙红雷调侃黄渤街舞姿势 遭对方用瓜子皮拼名字,2020年08月01日 14:02,"   <sep>   新浪娱乐讯 8月1日,黄渤发微博官宣加盟《这就是街舞》,孙红雷转发微博回应称:“大家围观一下我家渤,这姿势,是到了哪个景点要照相呢,忘记带披肩了,真香,瓜子大婶......”黄渤随后晒出用瓜子皮拼成孙红雷名字的图片。网友纷纷评论称:“黄渤孙红雷隔空互怼我能看三十集!”<sep>(责编:罗罗)"
0,外媒曝艾伦或退出《艾伦秀》:无法再继续了,2020年08月01日 09:35,"  新浪娱乐讯 据《每日邮报》报道,制作方Telepictures一位匿名内部人士透露艾伦·德詹尼丝在被投诉后,已经向Telepictures和华纳兄弟电视的高管提出了离开该节目的请求。内部人士称,她觉得自己无法再继续了,能解脱的最好办法就是离开这个节目。<sep>  最近,艾伦频频传出负面新闻,遭节目《艾伦秀》30多名员工联合控诉,<sep>“双面人”。据《纽约时报》报道,艾伦于周四通过电子邮件向工作人员道歉。"
0,郑希怡方回应彩排时受伤 这两天仍在继续录制节目,2020年07月31日 18:22,"  新京报讯(记者张坤玉)7月31日,在最新播出的一期《乘风破浪的姐姐》中,郑希怡在彩排时意外受伤,并前往医院接受检查。节目中,医生称因为挫伤,如果再剧烈运动的话,用力不当很容易把韧带拉伤。随后,新京报记者联系到郑希怡团队,对方透露,郑希怡“正在边休养边练习中,这两天也还在录制节目。”<sep>  至于伤情会不会影响到后续在节目中跳舞,工作室回应:大家可以关注第五次公演的播出。<sep>  晚些时候,郑希怡也在社交媒体发文回应受伤一事,她称:“还好受伤的不是嘴,还能站着和大家一起唱RAP。”<sep>  新京报记者 张坤玉<sep>(责编:小万)"
0,《中国新说唱2020》开战 实力选手打响冠军争夺战,2020年07月31日 16:17,"  <sep>  <sep>  <sep>  一份疑似“中国新说唱选手名单”的爆出,也让人们看到了今年的选手在兼具实力的同时,更呈现出多元化、年轻化的特点,让这场夺冠之战充满无限可能,精彩度倍增。<sep>  <sep>  <sep>  <sep> <sep>  <sep>  <sep>  <sep>  <sep>(责编:哈哈大王)"
0,郑希怡回应彩排受伤:还能站着和大家一起唱rap,2020年07月31日 15:44,"  新浪娱乐讯 7月31日,新一期《乘风破浪的姐姐》节目中,郑希怡<sep>彩排受伤登上热搜,随后郑希怡发微博回应:“还好受伤的不是嘴,还能和大家一起唱Rap”。粉丝为她加油打气:“姐姐你粤语rap好酷!!我好喜欢!!”、“没事你很棒!帅就完事!”<sep>(责编:小珂)"
0,黄晓明搬箱赵丽颖算账《中餐厅4》今晚开播角色变,2020年07月31日 13:15,"  从官宣以来就一直备受关注的《中餐厅4》,今晚十点终于要在在湖南卫视正式播出了。由黄晓明、赵丽颖、张亮、林述巍、李浩菲组成的青春合伙人团队,在长江上进行了为期21天的美食奇幻漂流。在最近官方发出的预告片中就可以看到,黄晓明来到《中餐厅》第一天就被“坑”了,这到底是怎么回事?<sep>  巴东百步梯吓倒合伙人 黄晓明化身暖心搬运工<sep>  巴东三峡巫峡长,猿鸣三声泪沾裳。巴东是合伙人们本季长江之旅的第一站,小城依山而建,上连重庆,下接宜昌,位于巴山以东,故名为巴东。由于山区多为盘山公路,连接两条路最简单的方式就是百步梯,所以合伙人们来到这里面对的第一个挑战就是爬百步梯。<sep>  黄晓明是第一个到达码头的合伙人,作为《中餐厅4》的店长,面对百步梯自然不能退缩。把自己的行李搬完已经是满头大汗,但他仍然记挂着其他合伙人,尤其是照顾着团队里的女生。提前给大家打电话确定到达时间,帮助大家一趟一趟搬行李,黄晓明在长长的百步梯上来回穿梭,化身一位暖心的搬运工。<sep>  记得在《中餐厅3》中黄晓明曾经带了18个行李箱,厨具、调料一应俱全,为《中餐厅》的经营提供了很大的支持。看样子这一季林大厨是吸取了经验,在来之前做足了准备。不过本季回到国内录制,食材、调料都是新鲜的,购买也很方便,这下准备有点“过于充分”了,面对百步梯和身边十几个箱子,林大厨都不禁说了一句“可能把这个事情搞大了!”<sep>  中餐厅资金周转疑遇难题 赵丽颖“巧妇难为无米之炊”?<sep>  这边黄晓明搬行李搬得不亦乐乎,还没有歇一口气又和大家一起出发去采购了,后续又发生了什么故事呢?结合之前的路透来看,黄晓明赵丽颖还有其他合伙人,在整理完行李后就出发为餐厅营业采购食材了。照片中赵丽颖买菜边付钱边记账,看起来也是得心应手的样子。网友们也十分好奇,她在中餐厅到底是什么担当呢?<sep>  之前《中餐厅》的节目监制夏青发微博透露,合伙人第一次买菜的经历会是丽颖觉得最晕的事。所以在买菜的过程中是发生了什么事情吗?这不禁让大家联想到前几季餐厅曾经出现过的“财务危机”。加上本季有两位大厨加入餐厅,两个对自己菜品要求极高的人,对食材的要求应该也很高,这样看来采购压力还是很大的。如果丽颖真的负责管钱,会不会面对“没钱可管”的局面呢?<sep>  从“中餐厅去哪里”到“中餐厅从哪里来”,合伙人们的长江之旅今晚十点即将正式起航,这次的故事将从巴东讲起。究竟黄晓明搬了多少件行李?赵丽颖在餐厅的职务担当是什么?合伙人们能否顺利在长江上经营餐厅?让我们带着问题,一起去节目中寻找答案吧!<sep>(责编:哈哈大王)"
0,王一博舞蹈合集因侵权下架?《街舞》导演回应,2020年07月31日 10:04,"  新浪娱乐讯 7月29日,有网友发现粉丝自制的王一博舞蹈合集《神的孩子在跳舞》遭到下架,视频up主晒与客服沟通截图,客服回复:“收到优酷的法务侵权申诉文件,应对方要求下架稿件”。随后引发粉丝热议。<sep>  7月31日,《这就是街舞》导演回应,称:“《这!就是街舞》节目从未要求删除或下架和节目完全没关系的任何视频剪辑作品或合集,我们没有也不应当有这个权力。”<sep>(责编:小珂)"
0,伊能静珍惜和张萌黄圣依情谊:希望一直互相扶持,2020年07月30日 21:14,"        新浪娱乐讯 7月30日晚,伊能静<sep>在微博晒出和张萌<sep>、黄圣依<sep>的亲密合照,写道:“<sep>婆婆和妈妈》<sep>        伊能静还动情地表白两位好姐妹:“张萌<sep>”<sep>(责编:七七)"
0,《新西游记8》开拍网友跪求安宰贤回归 tvN回应,2020年07月30日 19:45,"  新浪娱乐讯 据台媒报道,韩国超人气综艺《新西游记》第一季于2015年开播,该节目宗旨过去都是在海外拍摄,传递当地的美食与特色,第7季在1月结束,近期多注重于“番外篇”,直到29日才有最新消息传出,即将在8月开始录制第8季,更有许多观众敲碗希望安宰贤回归,对此tvN也作出回应了。<sep>  据韩媒报道,29日传出tvN已经着手准备《新西游记》第八季的拍摄,只不过因为新冠肺炎疫情延烧全球的关系,在无法出国的情况之下,决定在韩国国内拍摄,并会录制长达两个月的时间,预计将在8月开拍,消息一出后也随即引起许多忠实观众讨论。<sep>  其中,从《新西游记》第二季加入的成员安宰贤,也随着第八季拍摄的消息受到关注,日前第七季拍摄前他陷入与前妻具惠善的婚姻纠纷,当时以“不想因为私人原因给节目添麻烦”而下车,近日他和女方的离婚官司也走入司法程序,慢慢地和平解决中,因此让许多粉丝都希望他能够回归节目,继续展现“新美”的魅力。<sep>  对此,tvN也随即做出回应,坦言“《新西游记》第八季虽然已经确定于韩国国内拍摄,但是具体的主题、拍摄行程等都还没有确定,还在讨论的阶段,且对于安宰贤是否回归,也还没有确定”。(ETtoday/文)<sep>(责编:烩饭)"
0,杨洋时隔五年回归真人秀 吴奇隆擅长人脸识别,2020年07月29日 22:37,"  新浪娱乐讯 7月29日,湖南卫视代际互动观察类游戏综艺《元气满满的哥哥》在成都进行录制,元气大哥队队长胡军和元气小哥队队长杨洋,分别率领元气大哥队成员蔡国庆、李维嘉、吴奇隆、王耀庆,元气小哥队成员陈学冬、黄明昊、王鹤棣、王彦霖接受了采访。<sep>  <sep>  作为湖南卫视第三季度全新打造的“新快综”,《元气满满的哥哥》在类型创新上进行了极大突破。节目将十位哥哥划分为元气大哥队和元气小哥队,其内核是对代际碰撞的一次直面。<sep>  此番加盟《元气满满的哥哥》是杨洋阔别五年不录综艺后的再度回归,此番备受期待的回归,他本人首次正面回应:“(和花少)同一个团队更加的熟悉,安全感更加的足一些。这五年没有参加什么节目,粉丝也希望看到我,所以在综艺里面出现了。” 在被记者问到作为元气小哥队队长是否有压力时,杨洋也坦率表示,压力肯定是有的,特别是在节目中队长还要决定谁下期停赛这个问题上考虑得很多,但是 “来这个节目,我就希望能够照顾好弟弟们,跟哥哥们好好玩一下游戏也是很放松的”。<sep>  而杨洋所说的照顾也体现在细节之处。7月28日恰逢元气小哥王彦霖的生日,寿星也爆料跟哥哥和弟弟们度过了难忘的生日,队长杨洋还亲自下厨为他准备了长寿面。<sep>  <sep>  《元气满满的哥哥》在跨代际新老游戏的对决下,凸显两代偶像的个性反差与思想碰撞,实现代际价值观的输出和相互影响。<sep>  哥哥们在节目中更是不服输、不服老,力争用自己最好的状态去赢得比赛。蔡国庆毫不掩饰想要成为元气小哥队的想法:“我就想从大哥哥这边变成元气小哥哥这边,有一次开玩笑说,元气不仅我们这个岁数要保持这个元气,关键还是要吸元气......”<sep>  被大家誉为元气大哥队中“体力担当”的吴奇隆,也被陈学冬频频称赞战斗力极强,“在做游戏的时候是非常厉害的哥哥。”胡军则在一旁笑称吴奇隆很擅长“人脸识别”,尤其是认女孩很准。捉迷藏的时候,女孩子们基本都是被他找到的。” 对于自己记不住人名这个“槽点”,胡军也在现场表示对于一些年轻人的名字,一开始确实记不住,但是与兄弟团已经相处了一段时间,他们的名字肯定记住了。<sep>  此次录制地点恰逢四川成都,王鹤棣恰好是四川乐山人,可以说回到了半个故乡,说到美食,在一旁的胡军老师也按捺不住自己的心情让王鹤棣把哥哥叫来,给大家安排正宗的四川烤串。<sep>  <sep>  在目前释出的宣传片中,元气大哥队和元气小哥队一路“相爱相杀”,哥哥们更是活力满满。是否为了游戏而开始健身?胡军说,虽然我们都不属于健身达人,但是健身已经是我们生活中的常态。王耀庆还透露,在游戏中比体力比不过小哥队,大哥队也并不会在短期内通过健身增强体力,哥哥们有的就是多年积累的经验,总结下来,改变游戏规则就是获胜的法宝。<sep>  对此,蔡国庆则表示:“虽然护腰板和护膝暂时还没派上用场,但是那些我养生的东西都还会还带着,硬仗还在后面”。更表示儿子庆庆是自己的强大动力:“实话实说,儿子庆庆说老爸你千万不要给我丢人,我天天陪着你。”还透露庆庆每天给自己做三组仰卧起坐和俯卧撑。<sep>  <sep>  近期《乘风破浪的姐姐》热度不减,参赛成员吴昕也担任《元气满满的哥哥》主持人,节目中哥哥们被问及pick哪位姐姐,哥哥们的表现毫无求生欲,王耀庆直言pick万茜,完全无视“元气大小姐”吴昕的存在。对此,王耀庆也细心解释道:“因为我只有跟万茜合作过。我没有跟吴昕合作过。我跟万茜一直维持一个良好的互动,所以我才说希望是万茜,就忽略了吴昕的这个心情。”<sep>  十位年龄不同、性格各异的哥哥即将承包这个夏天的电视荧屏,他们会在轻松愉快的游戏中,碰撞出怎样的代际火花?元气哥哥们还将贡献哪些爆笑“名场面”?“童年记忆”时刻来袭,节目又将与各年龄层观众之间产生怎样的代际共鸣?期待本周五晚20:10湖南卫视《元气满满的哥哥》。<sep>(责编:明侦探)"
0,giao哥将参加《中国新说唱》 宣称要拿下金项链,2020年07月29日 13:45,"  新浪娱乐讯 7月29日,网红giao哥发微博自曝将会再次<sep>,并freestyle了一段自称“AKA 阿<sep>”,还说一定要得到吴亦凡<sep>的认可,拿到金链子。<sep>(责编:Mia)"
0,《忘不了餐厅》温馨回归 王彦霖打岔应对状况百出,2020年07月29日 12:01,"  新浪娱乐讯 7月28日晚,《忘不了餐厅第二季》温馨回归,节目组聚焦轻度认知障碍的老人们并经营一家餐厅。当天在聚餐与岗前培训环节,孔奶奶和朴爷爷“转瞬即忘”的情况就让店长团猝不及防。<sep>  在专家建议下,王彦霖巧用“打岔”聊天法,在老人出现焦虑时,以“朴爷爷,一会吹个小号”、“奶奶,喝水吗?”等聊天方式转移注意力,渐渐让老人们适应新环境。最终王彦霖发出感叹:渤哥,打岔好使,打岔真好使!<sep>(责编:kita)"
0,《中餐厅4》明晚十点首播 首支预告片上线,2020年07月30日 14:40,"  新浪娱乐讯 随着本周五《中餐厅4》开播日的临近,网络上关于节目、嘉宾的讨论热度也越来越高。网友们除了好奇新加入的青春合伙人赵丽颖在节目中的表现外,同样好奇再度担任店长的黄晓明在本季节目中会有何表现,是延续以往的风格?还是有了全新的变化?昨晚本季《中餐厅》首个预告片惊喜上线,可以看出这一季的“黄店长”大不一样。<sep>  黄晓明即任店长又成“船长”,首期节目刚抵达录制地就“意外被坑”?<sep>  预告片中,伴随着青山绿水的优美画幅展开,黄晓明娓娓道来本季回国录制的新鲜感受:去国外的《中餐厅》是“《中餐厅》去哪里”,而回到中国的《中餐厅》是“《中餐厅》从哪里来”。黄晓明还表示“很期待这次《中餐厅》回家的味道。”然而话音未落,志得意满回归《中餐厅4》的黄店长却一下车就感叹:“又入坑了,又被坑了”,这到底是怎么回事呢?<sep>  原来首期节目就先给了黄店长一记下马威——长长的百步梯是晓明哥抵达录制地后遇到的第一关挑战,提着行李的他必须走下百步梯才能登上“中餐厅号”邮轮,看看他手里两个大大的行李箱,不仅为晓明哥捏把汗:“这得走多久才能搬下去?”不过令人意想不到的是,黄店长最先担忧的却是“待会女孩子来了怎么办?我得去接她们。”节目组还俏皮地配字:“在中餐厅‘箱’信爱”......相信丽颖和浩菲应该会很感动!<sep>  霸道boss变身暖心哥哥?“黄店长”从内到外散发着暖意<sep>  不过黄店长说到做到,从预告片透露的内容来看,黄晓明似乎正在对某位嘉宾发送语音,汗流浃背的黄店长对着手机那头询问道“什么时候到?我得去接你一下。”而后到达的张亮也被长长的百步梯震慑住了,元气少女李浩菲也忍不住向晓明哥求助。有求必应的黄店长尽管汗湿衣衫,嘴上却依旧说着没事没事,勤快地替赵丽颖等一众小伙伴搬运行李。<sep>  不过没想到“大boss”似乎还在后面,并不知道要面临“百步梯”这等艰巨挑战的林述巍林大厨,带了超多行李,连自己都不禁感叹“可能把这个事情搞大了......”,伴随着晓明哥幽幽感叹“感觉腿已经不是自己的了”,疲惫中又带着几分好笑!至于黄店长到底搬了多少趟箱子、又来回爬上爬下多少次?期待正片揭晓正确答案!<sep>  看了预告片后更加期待,这样暖心的晓明哥在节目里还会有些什么惊喜表现呢?期待本周五晚10点《中餐厅4》首播,一起来见证“黄船长”真正的“乘风破浪”之旅吧。<sep>(责编:kita)"
0,韩综《Kingdom》年内播出无望 偶像组合不愿出演,2020年07月29日 11:20,"  新浪娱乐讯 韩国Mnet电视台《Kingdom》节目今天被爆料已基本确定无法在年内开播。<sep>  《Kingdom》是Mnet在女团回归竞争节目《Queendom》大获成功后趁热打铁企划的同类型节目,原定在今年下半年开播,但有媒体今天爆料,《Kingdom》的制作四处碰壁,基本上已经没有可能按原计划在年内开播。爆料媒体表示,因为《Kingdom》实质上是将偶像组合按人气区分出等级,许多偶像组合不愿意出演该节目,加上今年4月播出的预热节目《Road to Kingdom》未能像《Queendom》一样引发大众话题,更使得偶像艺人们对出演《Kingdom》犹豫不决。<sep>  据爆料媒体透露,《Kingdom》原定今年下半年开播,但从目前的情况来看,《Kingdom》基本已经没有可能性在今年播出。Mnet电视台也表示,《Kingdom》的具体播出时间还没有确定。吕东垠/文 版权所有Mydaily禁止转载<sep>(责编:肉圆)"
0,林志颖绿洲发长文谈家庭:亲情的爱没有终点,2020年07月28日 19:25,"        新浪娱乐讯 7月28日,林志颖<sep>在绿洲发长文谈参加《婆婆和妈妈》的录制、向观众分享自己的家庭,表示<sep>  <sep>  <sep>(责编:七七)"
0,郑希怡回应追星成功刘雨昕 霸气姐姐展现害羞一面,2020年07月28日 17:48,"   新浪娱乐讯 7月28日,在视频中,郑希怡回应追星成功刘雨昕的感受,并对拍摄者说“你们根本就是想看我出丑的样子”。郑希怡表示很开心,并笑称要不是因为刘雨昕,她应该录不了那么长时间。随后郑希怡说看完自己与刘雨昕同框的视频,想把它毁掉,因为过于紧张手上动作很不自然。<sep>  此前,郑希怡在微博喊话刘雨昕:@THE9-刘雨昕 我很喜歡你,為什麼不回覆我私信,我要取消關注妳了!而后,两人终于见面并赠送礼物,双方均紧张且害羞。<sep>(责编:明侦探)"
0,“黑红”的《印度媒婆》 背后的故事不简单,2020年07月29日 06:45,"  你有没有过这样的经历——对于某个节目、电影、电视剧,一方面内心默默地鄙视它,另一方面却忍不住打开它一直追下去?<sep>  许多网友对于《印度媒婆》(Indian Matchmaking)这个节目的感受就是这样的。<sep>  《印度媒婆》是美国网飞平台(Netflix)推出的一个印度相亲节目,属于半真人秀、半纪录片性质,主要讲述的是孟买“顶级媒婆”西玛·塔帕利亚横跨美国、印度几大主要城市,为印度年轻人、印裔美国人牵线搭桥的故事。<sep>  这个节目一经推出就爆火,而且是“黑火”。许多网友表示,对这个节目“又恨又爱”,“恨”其中传达出的一些价值理念,但又忍不住继续追下去。<sep>  BBC指出,这个节目展现了印度现代社会下的包办婚姻,而在其背后的,则是印度社会中的等级制度、种姓制度、肤色主义、精英主义、厌女症和父权规范。<sep>  <sep>  故事其实很简单。<sep>  自称为“孟买顶级媒婆”的西玛·塔帕利亚游走在印度、美国富裕年轻客户的家中,了解客户的择偶要求,为他们安排合适的相亲对象,最终目的则是让他们结婚。<sep>  塔帕利亚在纪录片开头表示,“上天决定哪些人应该在一起,而上帝给了我这个工作,让他们在现实中成功在一起”。<sep>  “我会和这些男孩、女孩交谈,评估他们的本性。还会参观他们的家,看看他们的生活方式,了解他们的择偶要求和偏好。”塔帕利亚表示,她会为每个客户制作相亲资料,然后为其安排她认为合适的相亲对象,为他们安排好约会,最后由两人自主决定是否要尝试在一起。<sep>  她的客户主要是30岁左右的印度裔美国人,这些人此前曾通过许多约会软件尝试找到另一半,但未能成功,最终还是选择了这种传统的印式相亲方法。他们有的是受家庭催促急需找到另一半,有的是因为年纪偏大希望将自己嫁出去。<sep>  据美国公共广播电台(NPR)报道,最终出现在纪录片中的包括一个25岁的孟买男士Akshay Jakhete,他一直拒绝结婚,导致他的母亲非常着急。他的母亲对于他25岁还不结婚感到非常失望,指责他不结婚导致她血压升高、导致他的哥哥不能生第一个孩子,甚至称这有害于他的身体健康。<sep>  34岁的休斯顿律师Aparna Shewakramani是该节目的核心话题人物,她坚持自己不想随随便便找一个人嫁了。Aparna自我要求非常高,称自己7岁就决定要读法学院、14岁开始学大学课程。她对另一半的要求也非常高,包括对方必须是来自印度北部的印裔美国人、必须知道玻利维亚有盐滩、不是律师、衣着讲究等。<sep>  <sep>  Netflix于7月8日开始播出《印度媒婆》,随着8集节目陆续播出,节目在社交媒体上的讨论度居高不下,尤其是在印度社交媒体上,许多网友一边骂一边忍不住继续看。<sep>  网友Anushka称,“《印度媒婆》将性别主义、等级制度、肥胖恐惧、肤色主义正常化。我100%推荐大家一口气看完、边看边骂”。<sep>  这个节目为何会有如此大的争议?NPR指出,或许因为这个节目太过真实,展现了印度社会中的很多“沉疴”。<sep>  媒婆塔帕利亚是争议最大的人物。她在节目中一再强调,女性在寻找配偶的过程中应该“更顺从、更灵活”,建议女性客户“调整自己的标准,做出妥协”。她还会经常批评女性客户的外表,有一次称一个女性客户“太不上镜”。<sep>  对于34岁的律师Aparna因为对方不够有野心而拒绝第一个约会对象,塔帕利亚称“如果她一直这么不断否定,她没法找到人生伴侣”。对于另一个女性客户,塔帕利亚的同事建议,若是对方要求,这个客户应该放弃自己事业、家庭、朋友,搬到另一个国家生活,称“生活从来都不是平等的”。塔帕利亚甚至会通过占星师、面相师说服她的客户们。<sep>  塔帕利亚在节目中称,“在印度,婚姻是两个家庭的事,他们要考虑声誉、数百万美元的家产等,因此在婚姻上父母要指导他们的孩子”。她还直接指出,印度人婚姻时必须考虑种性、身高、年龄甚至星象等,“要考虑非常多的因素,才能找到合适的人选”。<sep>  节目中的父母也有自己的一套标准。尤其是年轻男性的母亲,她们一般要求相亲对象“高挑、白皙(fair)、来自一个好的家庭、有自己的‘城堡’”。还有男嘉宾表示,他心中理想的妻子就是和自己母亲类似的女性。<sep>  影评人Anna Vetticad对BBC表示,“作为一个接受良好教育、自由的中产阶级印度裔女性,我并不认为婚姻是人生必要的一部分,我看这个节目时就像一个局外人在审视一个外星世界”。<sep>  还有网友指出,这档节目直接将印度社会中的等级制度、肤色主义、性别歧视主义展现出来,甚至认为这是合理的,这一点非常令人愤怒。但也有网友认为,这正是印度的社会现实,能够引发人们反思。<sep>  <sep>  据BBC报道,在印度,包办婚姻非常常见。虽然随着时代的发展,城市地区的自由婚姻逐渐增加,但从整个国家的角度而言,由于严格的种姓制度,90%的婚姻仍然属于包办婚姻。<sep>  传统上,给年轻人相亲是家庭牧师、亲戚朋友、邻居大妈(中国简称“七大姑八大姨”)的工作。但也有一些父母会在报纸上刊登征婚信息,为自己的孩子寻找合适的配偶。近些年来,相亲的形式有了变化,越来越多的“专业媒婆”、婚恋网站进入市场,成为年轻人相亲的主要形式。<sep>  批评人士指出,这个节目最大的槽点就在于,它某种程度上“美化”了印度社会的包办婚姻,将其描述为一种无害的、走进婚姻的另一种选择。<sep>  《印度快报》指出,《印度媒婆》这个节目展现的事实上就是印度包办婚姻的现状,包括女性在婚姻中必须妥协、不能太固执,男性找伴侣的要求都是漂亮、身材好、聪明、白皙等。报道还着重指出,女性律师在相亲中非常不占优势,男方家长甚至会直接要求女方辞职,因为不希望女方在家庭中也太善辩。<sep>  塔帕利亚在节目中曾指出,目前印度年轻人的婚恋交友自由度比以前高很多,但她认为这非常不好,应该由父母来为孩子选择配偶。《印度快报》则认为,这显然不是事实,因为一旦考虑到婚姻层面,种姓、等级、肤色都是非常关键的因素,大部分的年轻人仍然没有选择权。<sep>  在印度,跨种姓的婚姻是非常罕见的,即使有也非常容易产生家庭暴力问题。据报道,印度每年都有数十人被家人杀害,主要原因就是跨种姓的婚姻。一些社会改革人士希望推动跨种姓婚姻,以逐步结束种姓制度;印度一些州也鼓励跨种姓婚姻,会给低种姓一方给予现金奖励。然而,现实中要实现跨种姓婚姻仍然非常困难。<sep>  新京报记者 谢莲<sep>(责编:kita)"
0,柯佳嬿追《浪姐》Pick李斯丹妮:跳舞真是绝了,2020年07月27日 21:40,"        新浪娱乐讯 7月27日,柯佳嬿<sep>在微博晒出李斯丹妮<sep>的照片,写道:“李斯丹妮一跳起舞来真的是......”网友纷纷评论:“<sep>”“<sep>”<sep>(责编:七七)"
0,《成为妈妈后》上线 徐熙媛刘芸描绘中国妈妈图鉴,2020年07月27日 15:23,"  新浪娱乐讯 由腾讯视频、北京有养成长传媒联合出品,首档妈妈成长纪实短视频《成为妈妈后》第二季已于7月27日登陆腾讯视频,每周一、二中午12点更新,通过真实记录徐熙媛、刘芸、谢杏芳、李艾四位中国女性明星的日常,分享她们成为妈妈后的故事和感悟,描绘中国妈妈新图鉴,为中国妈妈赋能。<sep>  <sep>  谈及节目创作理念,节目联合出品人、有养创始人周洲表示:“女性作为角色复合体,其中妈妈身份是女性社会角色中的重要一环,新身份的获得不仅证明着她们进入了新的生活阶段,更带来了不同的人生感悟以及看待生活的新角度。但往往随着新身份而来的是家庭及社会对妈妈的偏见式标签,在家庭中她们被要求无所不能,面面俱到,甚至成为超人,但在职场里却面临着晋升机会的缺失以及挑战性工作的减少。”<sep>  节目第一期嘉宾大s徐熙媛分享的工作困扰,或许也是育龄期工作女性的普遍困扰。当徐熙媛生了孩子后,大部分工作机会就变成了中年女性类型的角色,甚至曾被邀约出演王大陆的妈妈。而在职场中,新手妈妈同样会面临类似的职场瓶颈,仿佛“妈妈”成为了人生角色的限制。2018年发布的《全球妈妈幸福指数》调查报告更指出,在160个国家中,中国妈妈幸福感仅排61名。<sep>  基于此,《成为妈妈后》着力展现中国育龄女性人群的困惑与焦虑,通过走进明星妈妈徐熙媛、刘芸、谢杏芳、李艾的日常生活,记录真实的育儿生活为“妈妈们”代言,用真实的故事让大众认识到,母亲不需要被定义,她可以成为任何她想成为的人。<sep>   <sep>  徐熙媛大S自出道之初呈现在观众面前就是“公主”形象,当妈妈仿佛是不会发生在她身上的事,有粉丝评论“明明有那么好的资源,你却选择在家带孩子,有点可惜”。但在《成为妈妈后》的镜头前,已经是两个孩子妈妈的徐熙媛显得无比坦然,“人生就是这么奇妙,就突然遇到了一个对的人结了婚,然后顺理成章地就生了孩子。”对于成为妈妈,徐熙媛表示人生的每一步都是自己选择的,不迎合“标签”,不“应和”评价,才能做自定义人生的“硬核”妈妈。<sep>  但除了豁达与开朗外,徐熙媛也有自己成为妈妈后的小烦恼,回溯自己生育两个孩子的过程,她说“当艺人好像我是天生就会的,可是当妈妈我完全不是天生就会的”。从面对生二胎时自己突然断气时的凶险,到孩子出生后如何不偏心地对待两个孩子,再到收到孩子礼物的惊喜和对孩子未来的成长规划,每一步都需要细心思量考虑周全。孩子的成长也是母亲的成长,正应了那句话“你是第一次当孩子,妈妈也是第一次当母亲”,节目中分享的这些育儿经也引发不少新手妈妈们的共鸣。<sep>  《成为妈妈后》作为腾讯视频与北京有养成长传媒合力打造的育龄女性纪实类节目,在制作升级、内容升级背景下致力于为“妈妈”们带来共鸣。此外,腾讯视频母婴频道也不断深耕品类内容,联合有养共同推出更多优质业内专家达人妈妈,为妈妈群体提供育儿生活上的多方支持和专业解读,进一步优化母婴品类内容生态。相信随着节目播出,徐熙媛、刘芸、谢杏芳、李艾四位优质正向明星妈妈的陆续分享和专业领域的强力背书,将会激励更多妈妈不断升级,自我成长,希望每个女性都可以用自己喜欢的样子成为妈妈。<sep>(责编:哈哈大王)"
0,"孟佳晒6岁粉丝送的祝福卡 回应""定不辜负你的爱""",2020年07月27日 12:21,"  新浪娱乐讯 7月27日,孟佳更新微博动态,晒出两张6岁小粉丝送给自己的祝福卡,并配文表示:“我收到了你的爱,我现在回答你的问题哦。姐姐今年30啦,以后姐姐?阿姨?做更多好看的发型,记得叫妈妈也给你扎同款好不好? 我一定会好好加油不辜负你给我的爱哦!希望你能开开心心的长大,做你想做的事情”。<sep>(责编:Mia)"
0,蓝盈莹金晨为张艺兴打call 本尊回应并附温馨提示,2020年07月27日 10:21,"  新浪娱乐讯 7月26日晚,蓝盈莹<sep>、金晨<sep>先后发文为张艺兴<sep>在《这就是街舞》中的帽子戏法krump表演打call。随后,张艺兴分别回复两人:“Hi ,蓝盈莹老师,谢谢你为我打词,如果对krump有兴趣的话,下次我可以和你交流一下”、“Hi,你好,金晨老师,谢谢你高度关注与支持,甩头的时候注意脖子,不然容易扭到”。<sep>(责编:Mia)"
0,吴亦凡回应争议 称autotune更像“滤镜”,2020年07月27日 10:02,"  新浪娱乐讯 吴亦凡在纪录片《时代我》中回应质疑与有关autotune的误解,称其并非单纯的电音。<sep>  吴亦凡称:autotune更像一种“滤镜”,我并没有在给我的人声加美颜,但其实我在加的是一种我喜欢的滤镜、我喜欢的一种质感在里面,我只是把它的色调改变了一下。网友表示要坚持自己所热爱的,真诚对待每个作品就好。<sep>(责编:哈哈大王)"
0,张萌喜提王一博回复 感慨:需要最重要的杜华姐姐,2020年07月26日 21:59,"        新浪娱乐讯 7月26日,张萌在微博晒出王一博回复自己的截图,兴奋写道:“<sep>@乐华娱乐杜华<sep>”<sep>        25日晚,张萌发微博表白王一博:“我的天,王一博怎么跳舞跳得越来越炸了,看他跳舞能把我看cry。看他膝盖转地的时候,我kneel down了! and 梦迪加油,太励志了!”26日,王一博现身评论区回复张萌,“谢谢萌姐~有机会一起炸舞台”。张萌随后回应,“哇!是你么,你怎么这么可爱。被这么多人回复过,我还是第一次脸红呢!其实我想说,除了有机会一起炸舞台,我还想和你片场见”。<sep>(责编:七七)"
0,华莎开直播被指服装涉种族歧视 节目组发文澄清,2020年07月26日 20:23,"  新浪娱乐讯 据香港媒体报道,韩国女团MAMAMOO成员华莎本月15日与模特儿韩惠珍及谐星朴娜莱为MBC节目《我独自生活》进行网上直播,二人以特别造型示人,其中华莎就戴上头巾及穿上民族风上衣,部分海外粉丝指华莎身穿的疑似是尼日利亚的传统服饰,质疑有种族歧视之嫌。<sep>  节目组昨日透过官方频道发文表示得悉有粉丝对华莎在直播中所穿的服饰感到不快,澄清并无种族歧视之意:“华莎所穿的衣服是来自韩国人以前经常穿的桑拿服装,绝对没有贬低其他国家传统服饰的意图。”节目组又指直播是属于搞笑轻松类型的节目,知道当中的服装可能令人误会是贬低传统服装后,他们亦感到很忧虑,但强调华莎所穿的服装绝对与特定文化无关,希望消除大家的误会。<sep>(责编:烩饭)"
0,蓝盈莹金晨夸张艺兴帽子戏法krump:绵羊力量真强,2020年07月26日 20:12,"        新浪娱乐讯 7月26日晚,蓝盈莹<sep>、金晨<sep>先后发文为张艺兴<sep>在《这就是街舞》中的帽子戏法krump表演打call。蓝盈莹用全英文写道:“<sep>”<sep>        金晨则晒出张艺兴跳舞的动图,夸赞称:“<sep>”<sep>(责编:七七)"
0,张雨绮时间不够练不完舞 大喊“神你在哪帮帮我”,2020年07月26日 17:06,"        新浪娱乐讯 7月26日,张雨绮<sep>微博发文大呼练不完舞:“<sep>”网友纷纷逗趣回复:“<sep>”“<sep>”<sep>(责编:七七)"
0,《乐夏2》拥抱失控:五条人换歌 水木年华淘汰,2020年07月26日 12:43,"  <sep>  当重塑雕像的权利出现在《乐队的夏天》第二季的舞台上,并且在第一组组内竞赛中获得第一,这一幕让很多人感到意外——过去十几年间,操着德式英文唱腔,这支在国内斩获了不少奖项的乐队身上被贴上了“小众”的标签。<sep>  “重塑之前还担心现场的大众乐迷不喜欢他们,但最后投票出来你会发现大众乐迷的票数也很高,大家都被那个现场给打动了。”节目总监制、米未联合创始人牟頔告诉界面文娱。<sep>  《乐夏》做到第二季,延续自第一季的思路是,所谓的“小众”并不是乐队的意愿,还是要提供更多渠道让他们跟观众沟通。在此之外,牟頔的新感受是,音乐无关标签,它就是一种很直接的情感连接,当下听到它的那一刻你是喜欢还是不喜欢,这都是很直接很真实的感受,也是很难预测的。<sep>  在米未涉足乐队题材之前,乐队类综艺在国内还没有成功案例。2019年《乐队的夏天》让新裤子<sep>、刺猬、盘尼西林等乐队被更多人了解,也推红了《莫欺少年穷》《火车驶向云外,梦安魂于九霄》等作品。在“大众”和“小众”之间,在音乐和真人秀形式的结合上,这档节目找到了微妙的分寸感。第一季快结束的时候,节目组从制造这个新IP的过程中获得了一种成就感,用牟頔的话说,“那种情绪和氛围让大家觉得这是应该有第二季的节目”。当然,最直接的推动力是,第一季的很多商务客户都追投了下一季。<sep>  又一个夏天,《乐夏2》来了,带着和第一季略有区别的更年轻的表达。《乐夏2》从1500多支乐队中最终选出33支乐队,当中有不少重塑这样成名多年的乐队,但更多的是福禄寿、Mandarin这样你可能之前从未见过的新鲜面孔。<sep>  在赛制上,《乐夏2》玩得更大胆了。牟頔透露,比赛的激烈程度提升了大概20%。“我们去年在赛制设置上比较保守,每设置一个环节,都会请教王硕、丁太升这样的圈内人士,这样玩儿乐队会不会不高兴?因为第一次和乐队一起录节目,我们会担心万一他们撂挑子不干了怎么办。”<sep>  今年在整体推进上顺利了很多。第一期分组赛,一上来就是让乐队自己选组,这是节目组去年没敢干的事。牟頔透露,到复活部分还会有一些更激烈的对抗形式,去年一直想做的乐队合作赛也会出现在这一季。“去年有很多人一听是比赛的形式就不来了,但大家看了节目之后,知道节目组没有恶意,状态会更打开一些,而且他们也知道赛制是节目成立的一个前提。”<sep>  赛制的变化只是一方面,在做《乐夏2》的过程中,米未的主创们从未遇到那么多意料之外的东西。比如五条人没有通知任何人就现场换歌,比如在最近的一次录像中,节目组预想的几乎所有事情都没有发生。牟頔觉得这是好事。两年前,米未“向死而生”,全公司上上下下铆足了劲儿要做出下一个像<sep>那样的IP,在这种压力下,《乐夏》成为米未新的起点。但第二季更考验一个团队在新起点上的开掘能力。<sep>  “如果一个节目做到第二季还能够赢得关注和喜爱,打破常规和惯性,不要四平八稳,也许才是对的。”这是牟頔和她的团队最近的思考。<sep>  “愿意来同时能在节目里发光的,我们几乎都放在这了”<sep>  第一季打开局面之后,想来的乐队一下子多了起来,节目组的邮箱收到了1000多支乐队报名信息,但挑选符合节目要求的乐队仍然是最让导演们焦虑的事。<sep>  《乐夏2》衡量乐队主要有两个维度,一个是天赋,一个是时间的累积。第一期节目中的Mandarin就属于他们眼中的那类天才型选手。这个乐队仅仅成立一年,但三个人在各自的领域里几乎都是数一数二,组在一起半年就能出不错的作品。至于时间维度上的代表,则包括Joyside、达达等成立多年的乐队,这些乐队成员在一起经历过太多事情,人和人之间的感情以及作品都有一种时间萃成的浓度。<sep>  最好的乐队是两者兼具,但这很难。因为除了极少数天才,乐队更多还是时间的产物,经不起一轮一轮地筛选。“《奇葩说》选角一年选一茬,总还有些人出来,如果没有那么好,我们还可以集中三个月培训,但做乐队急不来。”<sep>  选角的成功概率没有那么高,对于做节目的人来说,这意味着很大的挑战。从去年《乐夏》结束到今年开始录制前一个多星期,花了将近一年时间,节目组才最终定下33支乐队的人选。“做到第二年,我们自己开玩笑说,愿意来同时能在节目里发光的,我们几乎都放在这了,剩下的要么是人家不愿意愿或者时间不方便的,要么就是还需要再沉淀一下的”。<sep>  音乐本身和人物方面的考量之外,现场的表现能否爆发出能量对于节目组来说同样是重要的选择标准。筹备第一季的时候,因为时间和空间受限,节目组并没有看过入选的每一支乐队的现场,但今年导演们去到10多个城市看了260多支乐队的现场演出,最终定下的33支乐队都是经过了现场这一关考验的。<sep>  观摩这些乐队的现场,要么是在音乐节上,要么在livehouse里,还有些是在“乐夏巡星计划”的比赛上。米未发起的“乐夏巡星计划”旨在发掘乐队新星,共有500多支乐队报名,其中优胜乐队白皮书、超级斩、号外乐团和ETA伊塔最终都来到了《乐夏2》的舞台上。<sep>  “乐夏巡星计划”和街声、秀动这样的平台联合举办,但米未有自己的评判标准,会综合现场表现、音乐类型、作品数量、人物形象气质、表达状态等因素。“各个音乐平台和厂牌办的比赛都有自己的定位,我们会有更多综合性的考量。”<sep>  做第一季时,牟頔曾明确表示,《乐夏》要做的是乐队的夏天,不是摇滚乐的夏天。这种趋向在第二季中尤为明显。《乐夏2》年轻乐队很多,带来了更多的音乐风格,现场表现也透着一股生猛的劲儿。如果说上一季节目有些许遗憾,牟頔觉得其中一点就是年轻乐队走到后面的比较少,但今年她突然发现,节目中来的年轻人身上好像有不一样的希望。<sep>  “像Mandarin里,肖骏是90年的,安雨是94年的,Chace是98年的,福禄寿三个女孩都是90后,他们很年轻,也都是专业院校毕业的,但是又非常有灵气。”选角的时候,导演组围在一起听福禄寿的《玉珍》,牟頔转眼一看,很多人都在流眼泪。<sep>  “没办法,我们就是被震撼到了,所以就请他们来。”牟頔说。<sep>  “坚定不移地做人物”是节目第一季留下的核心经验。《乐夏》让人们记住了新裤子、痛仰、刺猬这些乐队,记住了“百万粉丝”的彭磊,砸琴的赵子健、脾气差的小乐这些典型人物。<sep>  《乐夏2》的策略没变,仍然是充分挖掘那些有意思的、值得被观众记住的人,从选角到之后的策划、拍摄基本上都是围绕乐队中的人展开。今年由于导演们花了更多时间跟拍乐队,第一次和乐队见面的那些瞬间、正式进棚之前的采访......这些前期和乐队打交道的部分都被记录了下来,更能抓到他们身上鲜活的部分,《乐夏2》真人秀部分的比例增加了大概20%。片子剪到现在,几乎每一场比赛都可以剪出两期节目。<sep>  乐队自己提供的素材也更为丰富。马赛克巡演过程中的趣事就来自于他们自己提供的纪录片,“他们会请团队记录下所有的巡演,我们当时看到那个画面觉得太珍贵了,因为那不是你做节目能够设计出来的。”<sep>  撕掉类型和标签,然后感受每一次失控<sep>  另一个变化是,第一季中,大乐迷还担负着给观众科普乐队知识的重任,但在第二季里,这部分硬知识的比重降低了。这一方面是因为音乐类型大致上就那么一些,去年都介绍的差不多了,另一方面也是因为比起专业知识,节目组更希望在这一季突出乐队之间的情感和对音乐的感受。<sep>  “去年我们还会在剪辑时突然跳出来告诉大家这是哪一种音乐类型,今年我们会展示一首很完整的音乐作品,让大家好好听歌感受。”<sep>  更深层的原因是,《乐夏2》想要去标签。“以前乐队之间经常会说你是朋克,我是重金属,但现在这些年轻乐队,每次问他们是什么乐队,他们表现出来的状态是并不太在意这件事,而且很多乐队风格混搭,比如超级斩将自己的音乐风格概括为‘二次元宅核’。”福禄寿的音乐也具备这种多样化特质,在牟頔看来,你说她们是世界音乐,但好像也没有那么准确,她们的音乐里同时有摇滚和民乐的元素。<sep>  这对主创来说也是一种冲击,越往后录制,节目组越发现,概念、类型、标签这些预设的东西好像都被撕掉了。有一天牟頔跟导演开会时说,你们有没有发现,年轻人特有的思维方式就是不定义自己,不把自己框在一个类型里面。就像傻白在现场问大乐迷张亚东<sep>,您了解这么多类型,那您觉得我们是什么类型?很多老牌乐队也厌倦了标签化的表达。重塑曾跟节目组表示,不要再强调他们是后朋乐队了,“我们不是,我们就是重塑”。Joyside也说,别再叫我们朋克乐队了。<sep>  “玩音乐是一种生活态度。在一起玩乐队,人和人的交流、连接和感受都是非常当下的,跟你的过去、你身上的标签没任何关联。没有谁看不上谁,也没有门类之争,音乐就是音乐。”<sep>  节目组也在跟着“进化”。“第一季的时候因为有很多专业问题不懂,导演去跟一个乐队沟通的时候会先问,你们是个什么乐队?他们说是朋克,导演就记在本子上,回来给别的导演讲。”到了第二季反而很少有人再去专门做这件事情了。<sep>  那些看似鲜明的标签实际上并非出于节目组本意。《乐夏》第一季的时候有两只男团乐队参与,这一季里也有快女出道的刘忻<sep>、快男出道的白举纲<sep>和《明日之子》第二季总冠军蔡维泽三个“偶像”各自组成的乐队,外界也许会下意识地认为节目组想通过这种设置表达些什么,但牟頔告诉界面文娱,其实真的没有。“他们自己想来,而且克服重重困难来了,他们有自己现成的乐队而且玩的还挺棒的,也并不在乎别人怎么看。那我们为什么要say no呢?”<sep>  至于来了会是什么结果,节目组无法向任何一支乐队做出保证。这就是一个真实的比赛,米未搭台,裁决权则全权交给现场的乐迷们。“对于水木年华<sep>这样有资历的乐队来说,他们是33支乐队中代表一个年代的色彩,但是如果他们在这个舞台上没有被更多人接受,那也是当下的结果。”<sep>  从综艺创作层面而言,不设限反而能带给人更多惊喜。牟頔将这一季的创作思路总结为一个词“flow”,这意味需要你更多在当下顺着你的感受做事,而不是预设一个东西,然后机械执行。<sep>  五条人在现场临时换歌,比观众还没有心理准备的是节目组。牟頔回忆当时的场景说,本来现场导演在那坐着,旁边是核心导演团队,等到仁科张嘴的第一声,对讲机就炸了,耳机里面全是乱七八糟的喊声,好像每一个人都失控了——她眼看着旁边节目制片人李楠楠从自己的座位旁边“弹了出去”。“我没看彩排,不知道之前彩排的是哪一首歌,我只知道他们在群里对信息的时候说,五条人有两首歌都想唱,问了节目组的意见,最后定下来了一首,但是我也不知道他唱的竟然是另外一首。”<sep>  五条人的即兴发挥打乱了节目组的规划。以灯光为例,现场的灯光都是预先设置好固定程序,跟着音乐的节奏播放,五条人临时换歌,灯光老师就没有办法按下“play”键,只能投下一片黄色的固定光。很多现场的乐迷也会困惑,这个秀怎么没有任何设计?<sep>  “这要是五年前刚开始做《奇葩说》的那个团队碰到五条人,肯定所有人都不知所措了。”但在《乐夏2》的现场,导演组很快接受了这件事,迅速抛开慌乱和抱怨的情绪,赶紧拿真人秀的机器上去,问他们为什么换歌?到底发生了什么事?我们得把这些东西记录下来。<sep>  所有的反应都出于即刻做出的判断。“那也是一种flow,你只能活在当下去处理这些问题,而不是对抗。而且,如果所有的东西都是四平八稳地按照你的设计去玩,内容就不鲜活了,有意外大家反而能真的投入其中。”牟頔相信,失控会带来情绪,那个状态对于综艺创作来说才是对的。<sep>  界面文娱对话牟頔<sep>  <sep>:《乐夏》第一季结束之后你们觉得这个节目成功了吗?会从哪些维度来评价?<sep>  <sep>:比较重要的是,你自己感受上觉得它是不是一个好节目。我觉得这个问题在全团队来说肯定是有共识的,至少我们觉得第一季做完心里有一种成就感。因为很多数据都有层级划分,在所有外部数据里面,我最相信的东西就是商业上的反馈,第一季结束,我们很多客户都追投了第二季。<sep>  <sep>:今年有很多新乐队亮相,内容更轻松愉快了,节目在受众定位上是不是也会更年轻一点?<sep>  <sep>:做什么样的内容就会抓什么样的用户。只能说这一季在内容呈现上年轻面孔会比较多,至于结果我们现在也不知道。做第一季的时候,我们原来预想的是女性观众会比较多,因为我们导演组基本上都是女生,感觉上做出来的东西会更容易吸引女性,但我们看最后的数据发现,男性观众占比超过了大部分综艺,也出乎我们的预料。<sep>  <sep>:第二季参与的乐队整体心态和之前的乐队会有什么不同吗?<sep>  <sep>:乐队会更紧张,更在意,更努力。我那天看到场记群里有人说,一个乐队和一个偶像合作一场比赛,看了那个偶像之后说,乐队成员感慨说,原来真正做艺人需要这么自律,自己原来活得太懒散。乐队以前都是自由生长的,很多都是三天打鱼两天晒网,新裤子在上节目之前很多年的状态也是过得相对轻松的,但是参加《乐夏》让他们进入一种职业状态,把这件事从爱好变成事业。这一季的乐队来了之后都会迅速进入一种紧张排练的状态,大家或多或少都是想赢的。我觉得这是好事。<sep>  <sep>:有乐队是因为《乐夏》而重组的吗?<sep>  <sep>:一些乐队反映看了去年的节目之后收到了一些鼓励,本来快要解散的,看了《乐夏》没解散,也会有重组的。节目去年给了大家一些力量,让他们觉得原来玩乐队也可以有一些前景,可能原本很多年轻人觉得玩乐队过时了,看了这个节目之后也会知道其实组一个乐队是一件很有意思的事。这些对行业来说肯定是正向的刺激,但产生影响需要时间,比如节目可能会让更多小朋友愿意学乐器,但多年之后才会有结果,至于一些短期的急功近利的行为未见得是好事。<sep>  <sep>:你之前说过《乐夏》并不肩负振兴摇滚的责任,只是要做一档好看的节目,节目火了之后,你会对这个节目的意义进行重新思考吗?<sep>  <sep>:做节目就是“但行好事,莫问前程”,把节目做好,能带来什么就是自然发生的,而不是反过来,这跟创业是一样的。<sep>  <sep>:节目之外,米未对《乐夏》这个IP还有哪些长期的运营计划?<sep>  <sep>:我们比较慢,没有想过太多,而且规划没有太大的用处,很多都是顺其自然发生的。乐队火了之后,乐队的经纪和商务约自然就做了起来,部分优胜乐队未来一年的商务都是米未来处理。新裤子这一年的一些商务比如宜家、Keep基本上都是我们在帮他们谈,走得还挺好。这些多多少少证明第一季还是OK的,他们确实也被更多人看到了。回头看,《奇葩说》那时候也是这样,节目火了之后,我们开始做艺人经纪,因为人的运营对节目来说是很重要的事情。<sep>  去年我们还做了巡演,因为疫情,原本计划的部分城市巡演也暂时搁置,已经去过的几个城市效果都还挺好,基本上都是上线秒售罄。但我一开始做《乐夏》的时候没有这些规划,是节目火了之后很多人才跟我说你们应该做一下巡演。到了那个节点,大家都觉得你该干这件事,收益成本也都看得见,那就做呗。米未追求共鸣,希望所有参与的人都不要拧巴,能有一个共同目标。这次还会有什么新的事我还不知道,我们更倾向于一件件把手头的事情做好,一个新机会来的时候,再独立分析它的可行性,如果值得做那就努力做,也不用那么要。<sep>  我最近还在反思,觉得我们公司最大的问题就是战略上太保守了,不是那种擅长规划型的公司。但我们很强调拥抱变化,一步步活在当下。所谓衍生,先计划出来的就不是衍生了。我很害怕买椟还珠,本来应该好好做节目的,结果先想怎么做衍生,最后可能就是节目没成,你的计划也没有意义。<sep>  <sep>:《乐夏》和《奇葩说》这两个品牌之外,米未今年还在筹划新的项目吗?<sep>  <sep>:今年的时间应该来不及了,如果明年疫情好转一些,操作的空间更大一些,我们也确实想做一些新的东西。米未差不多两年就会经历一轮周期性起伏,明年正好是新周期的开始。两年前米未向死而生,铆足了劲儿要做下一个像《奇葩说》那样的IP出来,感觉公司再没有一个好的IP出来就很危险了,那时候就是一个新的起点。到了现在这个阶段,手里的事情差不多干成了,总得再上一个台阶。米未成立五年了,我们自己也在考虑下一步该去哪里,但明年一定会有一个新台阶要上。<sep>  <sep>:今年对节目的播出效果有怎样的预期?<sep>  <sep>:尽力做事,剩下的交给时间。说实话,去年节目也是到后半段才好起来,前三期压力很大,所以不能带着对去年结尾的预期来预测今年的开头。这个节目确实不是那种大流量的一上来就能博眼球的节目,还是需要慢慢进入乐队的故事,所以我们也不用被外部的环境、竞争所绑架,踏实在自己的节奏里有自己的生活。<sep>(责编:拾恩)"
0,水木年华《乐队的夏天》首轮遭淘汰 缪杰发文回应,2020年07月26日 11:06,"  新京报讯 7月25日晚,《乐队的夏天》第二季首播,水木年华在演唱《青春再见》后,首轮就被淘汰。有乐评人表示他们的表演无聊、油腻、没有新意,引起现场争论。也有其他乐队成员和大乐迷表示:不该以年龄论音乐的新旧,出道20年还能站在这个舞台上已经是勇气可嘉了。<sep>  对此,水木年华成员缪杰在7月26日凌晨发文回应称:“我们的确岁数不小了,但依旧拥有让自己骄傲的勇气和热血,台下的孩子们很年轻,却有着令我意外的成熟与包容。只是,有些顶着专业头衔的人,没有那些比他们岁数更大的人的勇气与热血,却在嘲讽着别人油腻。”文末,缪杰还表示:“他们的确可以左右这个舞台,但是左右不了这个世界,也阻止不了我继续喜爱这个节目,喜欢那些乐队,阻止不了我们继续去做那些我们认为有意义的事。”<sep>(责编:拾恩)"
0,金巧巧坦言遇合适角色还会演戏 武艺被调侃个子,2020年07月25日 23:57,"  新浪娱乐讯 近日,真人秀《超球少年》发布会在上海召开。金巧巧、谢楠、武艺、伍嘉成出席现场。发布会上,一直热爱足球的武艺称自己经常和朋友们一起踢球,有趣的是,当武艺说自己是前锋的时候,韩乔生在一旁调侃道,做前锋个子不需要太高。采访中,金巧巧调侃自己是“伪球迷”,提及演戏问题,金巧巧也坦然道,有好角色依旧会尝试。<sep>  《超球少年》由足球界6位“老男孩”,各自带领一支球队进行18场积分赛,并于第三轮赛后公投人选,以最强阵容组成“超球少年全明星队”与“梦舟明星足球队”进行一场公益表演赛。由半决赛赛果,决定两支角逐本季超球最终冠军的劲旅。<sep>  发布会上,杨晨、李玮锋、曲波、肖山、韩乔生等,作为《超球少年》团队中的重要成员,纷纷向媒体分享自己的心得体会。 谈及育儿,金巧巧称一定会让孩子学一项运动,因为少年强则国强。而作为电影人,当问及金巧巧关于疫情期间怎么看文体行业发展,金巧巧表示,希望疫情过后可以有更好发展。不仅如此,身在上海电影节无法亲临现场的贾樟柯更是通过VCR送来了祝福。<sep>  一直热爱足球的武艺在现场显得十分激动,他说道,自己现在也在踢足球,并且还和朋友们有一支足球队。有趣的是,当武艺说自己是前锋的时候,韩乔生在一旁调侃道,做前锋个子不需要太高,现场气氛十分活跃。此外,为了给自己的小队员们鼓足力气,执教团四位教练,与三位星理事谢楠、武艺、伍嘉成,以及特邀嘉宾金巧巧,在发布会现场秀舞技,大跳《无价之姐》,瞬间点燃现场气氛。<sep>  采访中,伍嘉成透露自己十分喜欢看足球,还曾特意去俄罗斯看了世界杯,金巧巧在一旁诧异,调侃自己是“伪球迷”。当问及金巧巧是否会在节目中出现,金巧巧表示会的,她笑道:我已经在家呆了好长时间了,半“退休”了,但现在孩子渐渐大了,所以我有时间出来了。当问及是否还会演戏,金巧巧表示,现在演戏的话还是有局限,女主角演不了,演妈妈又有点尴尬,相对来说机会比较少但是遇到合适的角色还是会参演。(奋斗乌托邦/文)<sep>(责编:大米)"
0,杜华看张含韵跳舞表情引热议 澄清喊的是“我噻”,2020年07月25日 12:32,"   <sep>         新浪娱乐讯 7月25日,有网友以为《乘风破浪的姐姐》中杜华看到张含韵<sep>非洲舞solo时情不自禁发出“卧槽”的感叹。随后,杜华发博贴出图澄清自己喊的是“我噻”,还喊话节目组“麻烦以后字幕君配给我个文字呗”"
0,赵丽颖为《这就是街舞》打call 自曝是忠实观众,2020年07月25日 12:06,"         新浪娱乐讯 7月25日,赵丽颖"
0,伊能静发文谈二次元:认真的人都可爱 和年龄无关,2020年07月24日 16:40,"  新浪娱乐讯 7月24日,伊能静<sep>在微博晒出自己在《乘风破浪的姐姐》三公舞台《彩虹节拍》的造型照,并感慨发小作文。伊能静表示在为《彩虹节拍》高难度的舞蹈部分开会时老师曾问自己能不能跳、要不要为了自己改动作,她坚定表示:“我想来这里就是要走出舒适圈,暴露缺点不算什么,但不去尝试可能性,我会遗憾。”<sep>  她直言以前接触二次元是因为儿子,这一次唱跳下来,发现二次元一点也不简单,“我对二次元有了新的敬意,二次元是充满爱的,是用内心永远的童真可爱抵抗了成年的世故现实。” 她在文末感谢老师与队友并重新定义自己对二次元的理解:“中年可以属于广场舞,也可以属于二次元,有人说二次元要装可爱,我本来有些排斥,但我现在相信,认真的人都很可爱的,和年龄无关。”<sep>(责编:麦子七)"
0,黄圣依为花样年华组画Q图 喊话孟佳:等你回来,2020年07月24日 16:29,"  新浪娱乐讯 7月24日下午,黄圣依<sep>在微博晒出自己画的<sep>三公舞台所在《花样年华》小组的Q版合照,感慨发文并喊话被淘汰的孟佳:“队长孟佳带着我们这些姐姐,为音乐争取空间,给舞蹈紧抠细节,这次表演才让我更加明白什么是严格意义的‘女团’。不是一个人好,是每个人都要为所有人好!现在回想开始拿到这首歌时我们的疑惑、迷茫,再看最终的舞台呈现;我想,不是我们选择了《花样年华》 而是《花样年华》选择了我们 ,让我们懂得拧在一起完成它,就是无限可能;孟佳等你回来,后续还有无限可能!”<sep>  网友们纷纷留言:“花样组都很棒,姐姐们加油!”“依依子,灵魂画手就是你”“姐姐你真的太美太有表现力了”“看到你的实力了,继续发光吧!”<sep>(责编:麦子七)"
0,张含韵非洲舞solo得第一 坦然称好评骂声姐受得起,2020年07月24日 15:40,"  新浪娱乐讯 7月24日,张含韵<sep>在最新一期<sep>中个人非洲舞solo以147票取得第一名。随后张含韵在微博晒出solo舞台的咆哮表情包,并发文:“谢谢雨绮队长给机会!谢谢团员信任!谢谢现场观众的应援!节目只是节目,但姐姐们是实打实的真的真的很优秀!跟三个学霸为大家带来半碗宽面的舞台,我很幸运。u1s1,我表演了我想表演的,尝试了我想尝试的,收获很大,我觉得可。但俗话说,出头有风险,看评需强大,有好评也有骂声,大伙儿别憋着,随你们高兴,姐受得起。”<sep>  网友纷纷鼓励她:“你已经很棒啦”“没问题的,我们经得起夸也经得起正常批评哈”“solo第一实至名归!”“这次突破自己了,就是很棒!” <sep>(责编:麦子七)"
0,张雨绮绿洲咬叉子练习微笑 为学表情管理下足功夫,2020年07月24日 15:06,"  新浪娱乐讯 7月24日,新一期<sep>播出,张雨绮<sep>所在《彩虹节拍》小组跳宅舞走可爱路线,给网友留下深刻印象。下午,张雨绮在绿洲晒出咬叉子练习微笑的自拍,并发文:“满唱满跳又满笑的舞台,是靠这么练出来的。表情管理,get”。照片中张雨绮梳着这次舞台的发型,妆容粉嫩,她用牙齿咬着一副一次性叉子,露出八颗牙齿灿笑,甜美十足。<sep>  网友纷纷评论道:“你超可爱超喜庆,一看到你就很开心!”“舞台小雨绝美”“今天好棒呀,跳舞唱歌都有进步啦!”<sep>(责编:麦子七)"
0,意难平!蒋梦婕因孟佳被淘汰大哭 发文为好友打气,2020年07月24日 14:37,"  新浪娱乐讯 7月24日,孟佳在新一期播出的<sep>三公舞台中被淘汰,许多网友纷纷感叹可惜。随后孟佳的好友蒋梦婕<sep>在微博晒出与她的聊天记录,并发文:“意难平!简直是意难平!我的佳佳子,你一定要带着王者的气势归来!我在手机后面默默支持你!” 聊天截图中蒋梦婕因孟佳被淘汰直接被看哭,她还给对方看自己的鼻涕纸以及擦眼泪的自拍,直呼“好丢人”、“太入戏了!”<sep>  网友纷纷评论道:“我也觉得她很棒”“佳佳是最牛的!”“复活回来还是一条好汉”“佳姐一定会王者归来”。 <sep>(责编:麦子七)"
0,郁可唯《浪姐》三公表现超绝 绿洲晒自拍问帅不帅,2020年07月24日 13:54,"  新浪娱乐讯 7月24日,新一期<sep>上线,郁可唯<sep>在三公《人美路子野》组公演中表现力超绝,声乐舞蹈俱佳。下午,郁可唯在绿洲分享一张自拍美照,照片中她留着蓬松的短发,化精致妆容,身披金色外衣,酷飒有型,她还在线发问道:“帅不帅!” <sep>  随后网友纷纷回应:“帅惨了!娶我!”“二公想娶!三公想嫁!”“郁可唯妈妈爱你”“帅到简直想叫你欧巴!”<sep>(责编:麦子七)"
0,万茜挑染银发刘海半挡脸 在线让网友帮自己撩头发,2020年07月24日 10:54,"  新浪娱乐讯 7月24日,万茜<sep>在微博分享<sep>三公定妆照,并发文:“马栏山洗剪吹一条龙‘剪头舞门’今日开业,新发型挡脸了,麻烦帮我撩下头发,谢谢”。照片中万茜挑战银色挑染短发发型,身穿银色亮片露腰背心搭配红色西服套装。她半穿西装外套,露出美肩,双手插兜,眼神超杀,又美又飒。<sep>  网友纷纷评论道:“我也想洗剪吹,报你的名字打折吗”“老万超飒!”“姐的头发我来撩”“小万你才38岁,好好穿衣服好吗?”<sep>(责编:麦子七)"
0,考眼力!张萌黄圣依舞台pose神错位 到底是谁的腿?,2020年07月23日 23:16,"  新浪娱乐讯 7月23日,张萌<sep>在微博晒出一张<sep>舞台错位图。照片中,张萌组的成员们在舞台上摆pose,站在前面的黄圣依<sep>弯腰与孟佳互动,而张萌正好站在黄圣依的身后,黄圣依的腿和张萌的上半身形成了错位图,让人一时间分不清到底是谁的腿。张萌自己也发文调侃:“猛一看,我还以为脚脖子长出来了呢,宝宝们,这是谁的腿?”还艾特了黄圣依。"
0,黄圣依练舞间隙做理疗 手掌侧边扎银针让人心疼,2020年07月23日 21:13,"  新浪娱乐讯 7月23日,黄圣依<sep>在微博晒出一张手部的照片,并发文表示:“练舞,见缝插针。”照片中,黄圣依身穿军绿色上衣搭配牛仔裤,而右手上扎着一根又粗又长的针,看起来让人心疼。不少网友表示:“姐姐要注意身体”“看起来好疼”。"
0,《π星创造》:悬疑剧式赛制开启选秀节目新玩法,2020年07月23日 18:27,"  新浪娱乐讯 由北京华娱星艺文化传媒有限公司出品的《π星创造》是一档电视音乐选秀综艺节目,π是无限的意思,用无限的潜能,来创造舞台的无限可能。《π星创造》旨在聚焦于音乐本身,选拔真正热爱音乐,能够在华语乐坛长久生存下去的“音乐人”,为华语乐坛输入新鲜的血液。<sep>  与众多偶像养成类综艺不同的是,《π星创造》一共12期,每一期都不太一样,下一期如何进行,每个人的命运如何决定,都像悬疑剧一样,最后给人意想不到的惊奇,又让人心服口服地继续追下去。但是不管怎样,节目宗旨是公平公正公开地选择出具有“真善美”品格的有才华的“音乐人”。比如,自己选择队友,然后表演part有多有少,自己和队友商量着来,这样让成员更加了解彼此,能够真正团结成一体,也为后面成团出道减少矛盾纷争。<sep>  现在,《π星创造》全国海选即将开始,一共设有12个海选赛区,分别为广州赛区、杭州赛区、南京赛区、上海赛区、济南赛区、沈阳赛区、郑州赛区、成都赛区、西安赛区、长沙赛区、常德赛区、北京赛区。<sep>  燃青春,必音乐。燃烧对音乐无限的热情,是音乐人最后的倔强。<sep>(责编:kita)"
0,郑希怡被工作室P鬼畜表情包 霸气发“泰拳警告”,2020年07月23日 14:02,"  新浪娱乐讯 7月23日,郑希怡<sep>工作室晒出两张郑希怡的鬼畜表情包,并发文:“开展副业,预定从速”。照片中工作室为郑希怡P上了“衣物代洗”、“菜场代购”的搞怪文案,随后郑希怡甩出一张“我不理他们,我懂泰拳”的照片并回应道:“是姐的拳头不够硬吗?”<sep>(责编:麦子七)"
0,宝石老舅自曝也在追《浪姐》 称化完妆撞脸张雨绮,2020年07月22日 22:29,"  新浪娱乐讯 7月22日,宝石老舅在参加某综艺活动时,自曝也在追《乘风破浪的姐姐》,自己pick张雨绮。被问及原因,他幽默回应:“化了妆之后跟张雨绮长得有点像”。<sep>(责编:小5)"
0,Selina谈十年前意外受伤经历 开玩笑称想办流水席,2020年07月22日 20:14,"  新浪娱乐讯 近日,在某综艺节目中,Selina谈及到10年前的意外伤痛,她坦言自己好像没有必要从这件事情走出来,学会与它共存就好,甚至跟妈妈开玩笑说想在受伤十周年办流水席,因为觉得那样蛮酷的,现在的她开始倾听自己的内心,画画旅行享受生活。<sep>(责编:小5)"
0,白冰替代容祖儿录制《快本》?节目组这样回应,2020年07月21日 18:24,"  新浪娱乐讯 今日有网友晒出快本路透图,谢霆锋、白冰、霍汶希等人现身录制现场,并称白冰替代容祖儿录快本?新浪娱乐为此求证节目组,对方称“今天快本录制,白冰作为英皇艺人代表和谢霆锋一起给自家艺人助阵。” <sep>(责编:明侦探)"
0,张萌偷师刘敏涛学表情管理 直言让她踢馆《姐姐》,2020年07月22日 00:45,"  新浪娱乐讯 7月22日凌晨,张萌<sep>在微博晒出一张与刘敏涛<sep>的合影,并发文表示:“我承认我有偷偷跟涛涛子学表管(表情管理),有谁跟我一样想要刘敏涛踢馆姐姐?”照片中,刘敏涛身穿格纹长裤搭配粉色T恤,紫色棒球帽和口罩遮面,张萌则一身米色针织上衣搭配米色棒球帽,两人对着镜头凹造型,亲密无间。"
0,罗英锡否认新节目《暑假》抄袭日本游戏,2020年07月20日 22:00,"  新浪娱乐讯 据韩媒报道,罗PD新综艺《暑假》被质疑抄袭日本游戏《我的暑假》。随后节目组否认了抄袭质疑,称完全不知道该游戏,更不存在参考,只是在寻找房子的时候,找了这个村子最古老的房子,却忽略了装修问题,“很抱歉给观众带来不舒服的感觉,是我们不够细心。我们将以观众提出的意见,在进行第二次拍摄前重新修改装潢。”<sep>(责编:小5)"
0,如何看待网友评价?吴昕黄圣依心态大不同,2020年07月21日 17:01,"  新浪娱乐讯 在《乘风破浪的姐姐》中,吴昕与黄圣依谈到面对节目播出后的观众反馈。黄圣依认为“你做什么都会有人说好,也会有人说不好。管他呢,做自己完了”,同时还表示自己不看这些消息,认为好的内容是自我催眠,负面内容会影响心情。吴昕表示大家都是人,再怎么不在乎,看到这些评价都不会开心,同时自己和弟弟达成了共识,有事的时候弟弟会收走自己的手机几天。<sep>  对于姐姐们清醒的态度,网友们表示外界声音只是参考,希望姐姐们要加油做自己。<sep>(责编:明侦探)"
0,郁可唯拉窗帘为防偷拍 晒不到太阳导致缺钙,2020年07月21日 16:11,"  新浪娱乐讯 《定义》作为《乘风破浪的姐姐》的衍生专题访谈节目,姐姐们展现了更为真实的一面。在今天的《定义》访谈里,谈及被偷拍的经历,郁可唯称自己曾被狗仔偷拍到家里的照片,于是采取了“每天拉窗帘”的措施,因为长期晒不到太阳而缺钙。当主持人问到“你是在开玩笑吗?”,郁可唯称“很烦”、“不想被拍到”。姐姐的神回复也是高情商了,希望大家给艺人一些私人空间~<sep>(责编:明侦探)"
0,"《爆款星主播》开启海选,寻找全民“薇娅辛巴”",2020年07月20日 18:20,"  新浪娱乐讯 2020年疫情下直播带货异军突起,造就了薇娅、辛巴等头部主播带货顶流。直播电商的爆发式增长带来电商主播人才的巨大市场需求,广州、杭州等各地纷纷出台相关扶持政策,重点培养电商直播人才。为了给年轻主播搭建开放,培养、选拔明星主播,为行业注入新的活力,由北京场景互娱传媒科技有限公司、浙江蓝象传媒有限公司联合出品,腾讯视频平台独家播出的《爆款星主播》已全面开启海选。<sep>  《爆款星主播》作为国内首档聚焦直播电商生态的职场真人秀网络综艺节目,致力于让所有怀揣主播梦想的人,展现自己独特的带货方式。同时,节目邀请到业内带货顶流、圈内明星和全行业品牌主一起进行点评和研判,深挖直播行业痛点,揭示带货主播行业的争议和内幕。根据节目组云海选的要求,只要参赛者年满18岁,不限男女均有资格报名参加选拔,通过海选的主播可参与《爆款星主播》节目录制。<sep>  <sep>  《爆款星主播》作为一个带货主播真人秀节目,获得了全行业海量品牌主的底价支持。品牌作为节目中的隐形参与者,通过内容丰富、观赏性强的节目内容将主持人、明星、选手与品牌自然连接,借助节目中不同性格、形象的节目嘉宾达到品牌传播的目的,既加强了观众对品牌的认知和印象,又巧妙地与节目建立了新的互动方式。<sep>  <sep>  综艺真人秀节目已不是什么新鲜事,但“直播”概念的加入为节目注入了新鲜血液。通过多方位呈现主播特色,为年轻主播们搭建了一个个人IP独家打造的舞台,一次乘风破浪C位出道的捷径,明星大咖、带货顶流、来自电商、游戏、二次元等各个圈层主播的加入为节目内容增加了精彩看点,更充满了无限想象力。<sep>(责编:明侦探)"
0,《不止冠军》定档722 聚焦女排运动员的B面人生,2020年07月21日 14:32,  新浪娱乐讯 <sep>  <sep>  <sep>  <sep>  <sep>  <sep>  <sep>  <sep>  <sep>  <sep>(责编:明侦探)
0,伊能静分享与小黄鸭神似对比照 表白张含韵像猫咪,2020年07月20日 18:09,"  新浪娱乐讯 7月20日,新一期播出的<sep>中阿kenn老师为了激发伊能静<sep>跳宅舞的可爱感,让张含韵<sep>扮演她的女儿唱《冰雪奇缘》中“一起堆雪人”的可爱歌曲。下午,伊能静在微博晒出一张自己与小黄鸭的对比照以及张含韵举着猫咪图片的自拍,并发文:“韵宝~你给我做的小鸭子~~~好可爱~~我们不去玩雪人,一起去玩鸭子和猫猫吧!!!” 照片中伊能静的五官和表情神似小黄鸭,而张含韵的大眼睛也与呆萌的猫咪非常相像。20日晚间,张含韵转发了伊能静的发文,并表示:“一张拼图5块,但是给静姐免费!这样姐夫能不带我去爬山了吗?”<sep>  网友纷纷评论道:“好可爱鸭哈哈哈”“韵韵子的大眼睛太像猫咪了!”两个小姐姐都好好看”<sep>(责编:麦子七)"
0,维嘉晒与吴奇隆吴昕同款鹰钩鼻 起组合名吉祥三雕,2020年07月20日 14:44,"  新浪娱乐讯 7月20日,综艺《元气满满的哥哥》官宣阵容,李维嘉<sep>在微博晒出与吴昕<sep>、吴奇隆<sep>的侧颜同框合照,并发文:“大家好,我们是《元气满满的哥哥》里的吉祥三雕!” 照片中三人并排站在一起,都拥有同款鹰钩鼻,侧颜宛如亲兄妹。<sep>  网友纷纷留言道:“你们是异父异母三胞胎吧”“怎么能这么像啊”“果然鼻下如有神”“这都不用拜把子了,一看就是兄妹”。  <sep>(责编:麦子七)"
0,张萌绿洲回应郁可唯向自己要角色:镜头已设计好,2020年07月20日 10:29,"  新浪娱乐讯 7月19日,郁可唯<sep>为张萌<sep>送礼物手写卡片,给她留言称想用免费的歌曲换一个角色。20日凌晨,张萌在绿洲晒出自己给郁可唯的回信,并发文:“期待演员霞霞子,镜头已设计好”。卡片中,张萌写道:“期待早日见到演员郁可唯,到时候专门设计一个从腿摇上来的出场镜头,slay全场,当然ost越多越好!”<sep>(责编:麦子七)"
0,"沈春阳表白小沈阳:爱情里不光有爱,还有感谢",2020年07月19日 16:59,"  新浪娱乐讯 7月19日,沈春阳<sep>在微博发长文表白丈夫小沈阳<sep>,回忆三年来夫妻二人陪伴妈妈治疗脑胶质瘤的历程。沈春阳感谢小沈阳的付出,称小沈阳对妈妈百般照顾,“他就会用各种方法分散注意力,给我妈妈唱二人转,给她扭秧歌,逗我妈妈开心”。文末,沈春阳真情告白小沈阳:“我的爱情里不光有爱,还有感谢!谢谢你,小沈阳!”<sep>(责编:明侦探)"
0,黄龄称蓝盈莹身上没有负能量:她很适合当队长,2020年07月19日 14:53,"  新浪娱乐讯 近日,黄龄接受节目采访视频曝光,她表示蓝盈莹吸引自己的地方是她是“元气少女”,身上没有任何负能量,闹钟响了就立刻起来,很适合做队长、有组织能力、有责任心,会照顾大家的情绪。也提到蓝盈莹主动拉姐姐们的群,并曾送给蓝盈莹锦旗,给她起名“Blue WinWin(蓝赢赢)”。<sep>(责编:Blue)"
0,陈卓璇回应“是我站得不够高吗”争议:我不后悔,2020年07月19日 13:12,"  新浪娱乐讯  近日,一段陈卓璇采访被曝光,在采访中陈卓璇回应“是我站的还不够高吗”言论引发的争议,表示自己就是一个直接的人,此事对自己没什么影响。<sep>  陈卓璇在采访中被问到因“是我站的还不够高吗”言论引发的争议,透露此事对自己没什么影响,还表示说的时候就考虑到会有这样的后果,有预料过所以不觉得惊讶,知道大家一定会有争议,“但我可能在这方面就是一个比较直接的人......就是觉得该为自己争取,如果我一直不说出来,其实我什么都得不到。”<sep>  陈卓璇还表示如果时间倒流还是会说这句话,“我来到了这里,如果我问心无愧了,我做出了所有的努力,我就希望我能够得到我该得到的,包括我的创始人,他们让我站在那么高的位置上,他们也不希望我什么都没有,也不希望我只是站在那里而已。”(新娱/文)<sep>(责编:vhaha)"
0,郑希怡没被宁静选为组员 为自己打气称下次肯定在,2020年07月17日 17:26,"  新浪娱乐讯 7月17日,新一期播出的<sep>中宁静<sep>作为组长在选成员时没选郑希怡<sep>,郑希怡表示当时心里面有点咯噔一下,觉得有点难受。随后宁静在与组员吃火锅时将郑希怡拉到一旁向她道歉,之后郑希怡也没有再参与这场火锅局。下午,郑希怡在微博分享一张自己的“火锅召唤术”的表情包,并发文给自己打气:“什么也不说了,下顿火锅我肯定在的”。<sep>(责编:七七)"
0,张雨绮绿洲晒《浪姐》美照 找到破洞裤揣手新作用,2020年07月17日 14:00,"  新浪娱乐讯 7月17日,张雨绮<sep>在绿洲分享两张新一期<sep>中的近照,并发文:“破洞裤的主要作用——揣手”。照片中张雨绮扎着蝴蝶结丸子头,身穿黑T,下身穿了一条白色宽松破洞裤,她将一只手揣进破了的洞里,十分乖巧可爱。<sep>  网友纷纷评论道:“姐你这看着挺暖和啊”“你咋那么可爱呢!”“姐给我揣揣”“好乖巧的小雨子”。<sep>(责编:七七)"
0,艾福杰尼坐轮椅参加超新星 创造“医学奇迹”,2020年07月17日 11:15,"  新浪娱乐讯 7月16日,第三届《超新星运动会》开播,艾福杰尼由于受伤而坐轮椅参赛。“身残志坚”的艾福杰尼在看到队友们赢得了跳绳比赛后,他的表现十分抢眼,竟忘记了骨折激动地从轮椅上站起来与队友庆祝胜利的喜悦,网友纷纷调侃他为“医学奇迹”。<sep>  艾福杰尼在节目播出当晚发博称“太不好意思了,让大家见笑了!哈哈哈!坐轮椅也不能妨碍我在《超新星运动会》起飞,来让我用腿来Drop the beat!潮流赛区芜湖!”随后,#艾福杰尼 医学奇迹#的话题登上热搜,引来网友发笑,而艾福杰尼也带该话题发博并打出“??????????”。网友纷纷表示该话题很有灵性,引发爆笑。<sep>(责编:明侦探)"
0,郁可唯绿洲晒练习室自拍 对镜卖萌比耶皮肤嫩出水,2020年07月17日 10:05,"  新浪娱乐讯 7月17日,郁可唯<sep>绿洲分享两张在《乘风破浪的姐姐》练习室的自拍,并发文:“课不能停~今天也是充实的一天,耶比~” 照片中郁可唯头戴米色棒球帽,脖子上挂着耳机,身穿蓝色碎花上衣。她对镜微笑比耶,尽显满满元气。<sep>  网友纷纷评论道:“姐姐加油冲”“宝贝一定要进总决赛!给妈妈成团!”“请保持这个营业速度”“看起来只有十八岁的姐姐”。<sep>(责编:七七)"
0,艾福杰尼忘记骨折从轮椅上站起来 网友:医学奇迹,2020年07月17日 09:32,"  新浪娱乐讯 7月16日,第三届《超新星运动会》首播,骨折却还“身残志坚”参赛的艾福杰尼因为看到队友努力赢得了跳绳比赛,太过激动忘了自己腿受伤还坐着轮椅,一下子就站了起来想跑过去和队友拥抱,气氛超嗨,网友纷纷调侃他是“医学奇迹”。<sep>  艾福杰尼在微博晒出自己在节目中的照片并发文:“太不好意思了,让大家见笑了!哈哈哈。坐轮椅也不能妨碍我在《超新星运动会》起飞,来让我用腿来Drop the beat!潮流赛区芜湖!” 随后不久“艾福杰尼医学奇迹”的tag登上了微博热搜,他又在微博晒出这段动图并一连发了十个问号,令网友爆笑。<sep>(责编:七七)"
0,《乘风破浪》丁当曝会和姐妹聊感情观分享保养品,2020年07月17日 08:13,"  新浪娱乐讯 据台湾媒体报道,音乐剧《搭错车》由丁当、王柏森、陈乃荣、萧景鸿(阿弟)等主演,获得好评。刚从《乘风破浪的姐姐》下车的丁当,即将搭上《搭错车》这班亲情列车与歌迷见面,无论是《乘风破浪的姐姐》姐妹合宿生活,或是《搭错车》家人般的大家庭,丁当都收获良多,她表示在“乘风破浪”里,大家会聊聊感情观、分享保养品,话题很女性;虽然距离上场《搭错车》演出后,已超过8个月没见面,但彼此间聊天话题不断,彼此分享近况,她说:“下戏后,大家各自忙自己工作,虽然大家没在一起,但都能瞭解彼此近况,相信届时进排练室排练时,大家依旧默契十足的家人!”<sep>  丁当和饰演亚叔的王柏森,剧中亲情揪心感人,两人父女情也延伸到戏外,不仅时常相约出游,在片场更是有聊不完的话题,这次参与《乘风破浪的姐姐》,完美主义的她除了对自我要求外,身为队长对于团队表现压力自然不小,在高度压力下,唯一宣泄出口就是和“爸爸”王柏森天天畅聊,王柏森就像家人一样,给予丁当加油打气,一通电话过后,都让紧绷的她展开笑靥,足见两人平凡相依却有浓厚的父女情。<sep>(责编:kita)"
0,《街舞》第三季将播 钟汉良自曝因选手离开痛哭,2020年07月17日 07:00,"  新快报讯 记者梁燕芬报道 《这!就是街舞》第三季日前在上海举办发布会,宣布节目将于7月18日开播。发布会现场四位明星队长王嘉尔、王一博、钟汉良、张艺兴悉数亮相。他们分享了录制过程中的感受,纷纷表示:“在舞者身上感受到对街舞的无畏坚持与不懈热爱。”<sep>  据悉,《这!就是街舞》第三季在赛制玩法、选手阵容、视觉质感等方面都将升级。总导演陆伟表示,正是“战疫”时武汉人民的守望相助中获得第三季节目的启动灵感——“为爱而战”,代表着人与困难的battle。值得一提的是,本季选手阵容云集了全球范围的实力舞者,众多国内舞蹈界元老级人物、新生代舞者以及国际大神齐聚节目,卧虎藏龙中,舞者们突围的难度与悬念大大增强。<sep>  现场钟汉良分享了自己在录制时曾因为舞者的离开而痛哭的经历,张艺兴爆料其他三位队长在节目录制时的口头禅。从目前剧透片花来看,四位队长的带队风格截然不同:王嘉尔暖心细腻,超高情商很会搞气氛;王一博热舞暖场,专业评判收获选手好评;钟汉良也做足选手功课,领队能力不俗;张艺兴甜盐兼具,三大标准精确严格。<sep>   <sep>(责编:kita)"
0,《超新星运动会》用竞技重燃奋勇精神,2020年07月17日 06:40,"  由腾讯视频、腾讯体育联合出品的第三届《超新星运动会》于本周四开赛,决赛将于8月14日至16日进行直播。前两届《超新星运动会》创造了多场热血竞技的名场面,曾涌现纪凌尘、李昀锐、王志文、徐梦洁、于小彤等一众成绩优异的“大魔王”,展现了生而为赢、挑战自我的体育精神。而本届《超新星运动会》在赛制赛事上进行了全面升级,开创性地以圈层作为赛区标签,并加入3V3篮球、和平精英等更为年轻态的竞技项目,为年轻观众带来更多新鲜感受。但不变的是,来自不同圈层的明星运动员在热血对抗中奋勇向前的体育精神,将在激烈的赛事竞技中继续传递给大众。<sep>  <sep>  本届《超新星运动会》颠覆性地一改以地域归属划分运动员的方式,将五湖四海的运动员们,按照唱跳歌手、演员、搞笑艺人、电竞选手、时尚潮人等不同圈层,划分为“热血”、“演员”、“爆梗”、“潮流”四个不同的赛区,云集了当下年轻人最乐于发声、敢于挑战的人群。这也意味着“斜杠运动员”们将迎接来自各个圈层的竞技挑战,在赛场中充分展现自身领域优势,并在体育碰撞中实现圈层文化的沟通融合。<sep>  在首期节目中,四个赛区进行两两分组的团体三项赛。演员赛区、热血赛区的运动员大多曾参与过前两届的比赛,展现了经验、体能、配合上的优势。而潮流赛区、爆梗赛区内的运动员,大多是第一次合作,赛事经验缺乏令他们首战惜败。但无论是潮流赛区“上场正面刚”的拼搏精神,还是“爆梗赛区”在三连败后永不言弃、乐观面对的竞技态度,也感染着其他两个赛区的运动员们。<sep>  以运动打破圈层隔阂,《超新星运动会》更加贴近年轻一代的文化特点,用体育促进不同领域年轻人进行文化、态度的互相交融,增强体育竞技背后的社交属性。<sep>  <sep>  除了赛制全面升级,本届《超新星运动会》在以往赛事项目的基础上,也新增了观众呼声极高的3V3篮球和电竞项目和平精英。这两个新兴的专业项目打破常规体育赛事设置,将娱乐和运动属性更紧密地结合,符合当下青少年网络生态的喜好。与此同时,本届运动员不仅有影视演员、唱跳歌手,同样有电竞、篮球达人、说唱歌手、视频平台KOL等。硬糖少女303将与“人间唢呐”金靖、相声演员烧饼、高晓攀同台竞技,圈层互动增强了娱乐性,与新兴运动的趣味交互和热血竞技,也让全民运动健身的热情再度被重新唤起。<sep>  为了响应全民健身的号召,《超新星运动会》还宣布开启“操场重启计划”。7月10日,在中国国家体育总局印发的《科学有序恢复体育赛事和活动 推动体育行业复工复产工作方案》中指出“中国国内疫情低风险地区可积极有序恢复体育赛事和活动,有序、全面开放体育设施”。而在国家体育行业重启、复苏的过程中,青少年体育则是各方关注的焦点所在。青少年加强体育锻炼,增强体质的必要性也日益凸显。<sep>  《超新星运动会》将邀请杨芸晴、于小彤等十位明星运动员担任高校操场重启大使,展开线上线下的体育互动,意在通过青春正能量偶像的号召力,将年轻人重新带回操场,助力青少年重新塑造起常态化的运动习惯,以节目传递的“生而为赢”的体育精神,鼓舞疫情之下依旧奋力拼搏的当代青少年。<sep>  <sep>  2020年疫情打乱了所有人的生活节奏,不仅大众运动、文化娱乐领域停摆,社会也陷入焦虑不安的情绪之中。而体育是鼓舞士气最好的载体,体育竞技传递的精神也正是顽强拼搏、奋勇向前,是跌倒后再爬起来的永不言弃。体育精神不只存在于职业赛场,也存在于生活中的每一场比赛当中。在抗疫的社会背景之下,通过竞技运动重燃奋勇精神,用热血竞技为社会带来鼓舞,正是《超新星运动会》试图传递的体育精神与正向能量。<sep>  采写/新京报记者 张赫<sep>(责编:kita)"
0,许飞感谢粉丝投复活票 霸气表示不恨黑骂自己的人,2020年07月16日 23:35,"        新浪娱乐讯 7月16日,许飞<sep>发文感谢大家为自己投票复活,也回应了此前票数异常增长的争议,她写道:“对不起大家,这段时间辛苦了。感谢支持我的朋友们,为我白忙活了半天,以后写歌回报你们。同时我也不记恨黑我骂我的朋友,但愿所有的偏见都是时辰未到的误会。不怕时运不济,只要我还没躺平。”"
0,张伦硕晒与钟丽缇白冰自拍合照 称二人好像小女生,2020年07月16日 22:11,"         新浪娱乐讯 7月16日晚,张伦硕<sep>在微博晒出与老婆钟丽缇<sep>、好友白冰<sep>的合照,并发文为两人打call。他写道:“看着两位小姐姐们聊天,感觉就像是女生宿舍的两个小女生在互相加油啊哈。白冰加油冲冲冲,希望你们给大家带来更精彩更惊喜的演出啊。”"
0,求教程!《超人回来了》威廉爸三个月暴瘦22kg,2020年07月16日 22:08,"   <sep>  新浪娱乐讯 据台媒,韩国谐星山姆(SamHammington)虽是澳大利亚人,但他活跃在韩国演艺圈,近期带着一对可爱的儿子出演亲子节目《超人回来了》打开知名度,他过去因为身体健康恶化,意识到问题严重性,宣言要开始减肥,经过数月的努力,16日终于有成果,体重创下5年来的新低,身形确实小了足足一倍,减肥前、后比对照惊人,令他直呼:“身体轻盈了很多。”<sep>  山姆透过专家的帮助,4月开始认真减肥,短短1个月内减了14公斤,16日再度公布成果,他已经从最高巅峰体重120公斤瘦到98公斤,大肚腩明显变小,整个人看起来更有精神、气色,且外貌也跟着变得年轻,3个月内瘦了22公斤,成果惊人。<sep>  对此,山姆“5年以来,第一次体重掉到2位数字,体重变成2位数以后,身体轻盈很多,身体状况也变好了很多。”他的目标是减重40公斤以上,希望让两个儿子可以有个健康爸爸的好印象,16日成果照片曝光后,不少人吓到直呼“差好多”、“瘦下来真的有差”、“感觉气色好了”。ETtoday/文<sep>   <sep>(责编:小5)"
0,"喻言晒《青你2》花絮上演秒变脸 自侃""挺突然的""",2020年07月16日 11:39,"  新浪娱乐讯 7月16日,THE9成员喻言<sep>在微博中分享一段录制《青春有你2》时的花絮视频,视频中喻言前一秒还在卖力唱跳《yes!ok》并露出甜甜的微笑,结果音乐一停马上切换省电模式瞬间“冷漠”变脸,她发文自侃道:“就是挺突然的。”<sep>  粉丝纷纷评论道:“表情管理大师”“姐姐真是可甜可飒”“要不要这么真实”。"
0,张萌绿洲晒网友P图的《说话之道》:我猜在教道歉,2020年07月16日 09:46,"  新浪娱乐讯 7月16日,张萌<sep>在绿洲晒出一本网友帮自己P的《萌萌子的说话之道》的书籍的照片,并发文道:“这是哪位宝宝给我p的《说话之道》,我猜这本书一共有500页,其中498页都在教怎么道歉。总是在大胆发言,总是在滔滔不绝,就算这样大家还没叫我闭麦......一切的秘诀都写在这本书里了!” 照片中这本书的封面上还写着“如何人脉破圈,达成有效社交”、“不要看别人说什么,要看别人做什么”等宣传语,搞笑十足。<sep>  网友纷纷评论道:“我觉得可以出,想看”“姐姐不愧是12G网速的人”“萌姐你太可爱啦”。"
0,"工作室辟谣陆思恒""撒网""后发律师声明 将依法维权",2020年07月15日 17:49,"  新浪娱乐讯 7月15日,陆思恒<sep>工作室就网传陆思恒在《超新星运动会》上跟多人互动“广撒网”的不实传闻发布律师声明。声明中表示7月14日多名网络用户在不同平台上发布了针对陆思恒的虚假言论及图片,严重损害陆思恒的社会评价和公众形象,使其蒙受了来自社会各方面的误解与质疑,已涉嫌构成对陆思恒姓名权、名誉权、肖像权的侵犯。<sep>  为此陆思恒方已依法取证,并将视情形委托律师依法追究涉嫌侵权主体的法律责仼。依法敦促并诚望相关网络用户、自媒体及网络平台勿以讹传讹,并立即删撒、停止传播相关信息及误导性言论。<sep>(责编:七七)"
0,吴昕发文感谢粉丝为自己投票:这么多年我值了,2020年07月15日 13:56,"  新浪娱乐讯 7月15日,<sep>复活赛投票截止,吴昕<sep>的综合排名位于前列。中午,吴昕在微博晒出一张美照并发文感谢粉丝为她投票:“U1S1, 我自己对我的粉丝们,肃然起敬。我自信了,我觉得这么多年我值了,感谢你们”。<sep>  网友纷纷在评论区给她鼓励:“昕昕子一定会成团的”“昕姐勇敢飞我们永相随”“会一直支持你的”。<sep>(责编:七七)"
0,沈梦辰感谢杨迪为自己拉票 不解为何参赛总两轮游,2020年07月15日 09:49,"  新浪娱乐讯 在最新更新的一期<sep>中,沈梦辰<sep>惨遭淘汰。7月13日,沈梦辰发文告别舞台。7月14日晚,是支持打投姐姐们的最后时间,杨迪<sep>转发了微博表示自己不理解梦辰为什么总输在这种现场投票的环节,希望大家可以看到梦辰的努力和付出,并动员大家给梦辰打call。随后沈梦辰也评论表示自己似乎中了比赛类节目二轮游魔咒,百思不得其解。<sep>  网友纷纷为梦辰加油:“姐姐加油!我们都为你打投!”“不会了,我们送你回来 玩个够!”(砂糖桃子/文)<sep>(责编:七七)"
0,"万茜发文为沈梦辰加油 改微博小尾巴为""左手冲浪""",2020年07月14日 17:13,"  新浪娱乐讯 7月13日,沈梦辰<sep>在《乘风破浪的姐姐》二公淘汰后晒出训练的日常,并曝光了多张姐姐们的“丑照”,真实又可爱。14日下午,因交通事故导致右臂肱骨骨折的万茜<sep>在顺利做完手术后转发沈梦辰的该条微博并发文:“灯亮了,快回家!” 并将微博小尾巴设定为“左手冲浪”。随后沈梦辰回复道:“我又脆弱了,眼眶湿润了。但是,这位左手冲浪的朋友!请你放下手机,给我好好休息!!!你不回来,谁给我开灯?”<sep>  网友看到万茜更博纷纷评论道:“姐姐早日康复”“一定注意休息!量力而行”“我们等你回来!” <sep>(责编:七七)"
0,伊能静写小作文谈近日心情 感谢黄圣依开导自己,2020年07月14日 15:58,"  新浪娱乐讯 7月14日,伊能静<sep>在微博发长文吐露最近的心境,她表示和黄圣依<sep>还有张萌<sep>在《女孩儿与四重奏》组的日子非常有趣,并称黄圣依还会开导自己很多关于应对外界声音的方式,“在这个节目里学技艺还学做人,张弛有度,是我很大的收获。”<sep>  她还在文中提到之前的舆论风波并感谢黄圣依:“人是立体多维的,无法片面理解。在你们看不到的镜头之外,我常坐在黄圣依的床上和她聊到好晚,在舆论最强的那几天,我们互相打气,抱着好好的哭了一场,第二天又微笑的醒来去加强业务。在她那瘦瘦的身体里,有著超强的韧性。”并在最后写道:“我们三个磨人的小作精,不管以后还有没有机会合作,但友谊肯定不会因为节目结束而消失。妹妹们,下午茶记得还要约起来!”<sep>        随后,伊能静转发微博表示:“<sep>”<sep>(责编:七七)"
0,密室逃脱成年轻人新宠!相关企业注册量年增130%,2020年07月14日 15:56,"  芒果TV推出的《密室大逃脱第二季》火爆暑期荧屏,跟随明星悬疑探险、斗智斗勇的同时,观众也常有亲身体验一把的冲动。其实,密室类游戏体验场早已悄然流行,企查查数据显示,我国目前共有1868家密室相关企业,其中西安以131家企业成为数量最多的城市,2019年企业注册量达到598家,同比上升130%。另一方面,密室类游戏的安全隐患不可小觑,企查查显示超过80%的相关企业注册资本低于10万元,而全行业经营风险信息达到了674条。<sep>  <sep>  线下密室游戏的火爆,离不开综艺的明星效应,随着2019年《密室大逃脱第一季》的播出,密室相关企业注册量也呈现迅速上升趋势。2018年注册量仅有260家,2019年同比上升130%,达到598家。尽管受到一季度疫情的影响,但2020年上半年,密室相关企业注册量也已经达到了183家。<sep>  密室逃脱这类娱乐性场所,通常“隐藏”在闹市区某个角落,经营者多为个体工商户。企查查数据显示,密室相关企业类型80%为个体工商户,有限责任公司占据了18%。<sep>  <sep>  这种烧脑益智冒险类游戏,在年轻人中比较流行,是三国杀、杀人游戏等桌游之外,当前最潮最IN的时尚活动。<sep>  从全国各大城市的分布情况来看,企查查数据显示,西安的密室相关企业数量最多,有131家,远超其他城市,成都、深圳、上海、北京等地紧随其后。据悉,一线主流城市的密室逃脱总从业人数达万人之多,创造年销售业绩达亿元之多。<sep>  <sep>  作为新兴产业,密室逃脱在国内尚处于起步阶段,拥有相当大的发展空间,更因其具有投资小、收益高、回本快的特点,成为自主创业者的首选。企查查数据显示,密室相关企业注册资本大多数低于10万,占比超80%,仅有7%的相关企业注册资本在100万元以上。<sep>  惊险刺激的环节,脑力风暴的交锋,都给玩家带来极大乐趣,但背后的安全隐患也不容小觑。企查查数据显示,近五年来,密室相关风险信息数量逐年增长,2019年相关风险信息数量已经达到214件,较2018年同比上升了30%。而在总共高达674条的风险信息中,“企业经营异常”占据了绝大多数份额,而在排名第三的“开庭公告”中,不乏生命权、健康权、身体权纠纷和提供劳务者受害责任纠纷等信息。<sep>(责编:kita)"
0,张含韵绿洲起范儿自拍凹造型 被金晨逗笑一秒破功,2020年07月14日 14:04,"  新浪娱乐讯 7月14日,张含韵<sep>在绿洲分享一段自拍视频,并发文:“气质这一块,总是拿捏得......” 视频的开头张含韵还在对镜各种起范儿摆高冷pose,但随着身旁金晨<sep>一句“陶醉呐”,她一秒破功露笑颜,直呼特别喜欢身后的窗帘,小奶音甜美呆萌。<sep>  网友纷纷评论道:“哈哈哈像个小傻子”“搞笑艺人你好”“姐姐是不是喝假酒了”“可我感觉你萌萌哒”。<sep>(责编:七七)"
0,《少年之名》罗杰因腰伤退赛 发文向粉丝队友道歉,2020年07月14日 13:28,"  新浪娱乐讯 7月14日,《少年之名》选手罗杰在微博发长文表示因腰伤无法继续参与后续的节目录制,遗憾退赛。他在文中感谢了粉丝对自己的支持,同时也感到十分抱歉,“我不希望带着病痛让大家失望,更不希望因为我的原因让舞台残缺。在这里也要对我的队友们说一声抱歉,这一次不能跟你们一起并肩作战,给大家添麻烦了。” 他在长文最后坚定地强调道:“但是我相信,这绝不是结局,少年就是永远有横冲直撞的勇气和底气,暂时的离别是为了更好的重逢。”<sep>(责编:七七)"
0,喻言分享《青你2》花絮 王承渲乖巧戴萌酷飒不羁,2020年07月14日 10:00,"  新浪娱乐讯 7月14日,喻言<sep>在微博上分享了一段参加<sep>时的花絮视频。视频中,练习的间隙喻言时而和朋友们打闹时而摊在练习室的地板上,配合着可爱的背景音乐,和她犀利的眼神十分具有反差萌。喻言还笑称视频中出现的其他朋友分别是戴着墨镜的“美女保镖戴萌<sep>”和甜美剪刀手的“可爱小孩承渲”,以及自己是又酷又飒的“可怕杀手喻言”。<sep>(责编:七七)"
0,蔡国庆分享《元气满满》花絮 与杨洋切磋土味舞技,2020年07月14日 10:49,"  新浪娱乐讯 7月14日,蔡国庆<sep>在微博分享一段与《元气满满的哥哥》的成员们一起跳舞的花絮视频,并发文:“弟弟们教我尬舞”。视频中蔡国庆与杨洋、陈学冬、黄明昊、王鹤棣和王彦霖几位成员们一起切磋土味舞技,气氛超嗨。<sep>  下午,杨洋资讯站也分享了一段杨洋与哥哥们跳土味舞的视频,视频中杨洋从一开始的顺撇到舞步逐渐自信,最后直接停不下来狂跳各种动作,欢快十足。<sep>(责编:七七)"
0,郭敬明《少年之名》第二支MV制作完成 时长32分钟,2020年07月13日 17:56,"  新浪娱乐讯 7月13日,郭敬明<sep>在微博分享《少年之名》第二支MV的片段,并发文:“《少年之名》的第二支MV制作完成了,我个人超喜欢!看哭好几次。想了很久,决定把第二支MV叫做《少年之心》,第二支MV时长32分钟......我不知道有没有破纪录......”<sep>  网友们随后评论道:“郭导你真的太棒了”“小的给您捶背揉腿”“简直是微电影式mv”“大满足!” <sep>(责编:七七)"
0,《爆款星主播》首位嘉宾曝光:带货女王薇娅现身,2020年08月03日 18:52,"  近日,综艺节目《爆款星主播》官宣启动,由沈涛和关关分别担任“首席聚星官”和“星推助力官”,并集结圈内“星”朋友叶一茜、朴树、周奇、何洛洛等联合打call,官博同时放送了一张首位飞行嘉宾的概念海报,惹得粉丝纷纷参与竞猜为爱豆喊麦打CALL,反响之热烈成功引起围观。<sep>  “废话不多说,先来抽波奖”、“不用想,直接拍”、“没了吗?全加”...... ”这几句带有明显个人色彩的口头禅将答案直接指向“淘宝第一主播”、“带货女王”薇娅本娅无疑了。作为直播界的翘楚,直播卖火箭的第一人,薇娅在直播届的地位和成绩有目共睹,2019年薇娅全年带货额300亿,据凤凰网2020年6月《直播电商主播GMV月榜》显示,薇娅的单月GMV更是一骑绝尘以27.42亿元的销售额遥遥领先,成为总榜单第1名!<sep>  今年以来,薇娅开始活跃于各大综艺节目,如:《王牌对王牌》、《极限挑战》、《跨界歌王》等,获得无数个粉丝的喜爱。本次薇娅将以飞行嘉宾的身份出现在《爆款星主播》现场,与沈涛、关关等众明星一起针对参赛选手的现场表现进行专业点评和指导,以场外视角探讨节目,为节目升温和制造系列话题。作为综艺节目的“新鲜血液”,薇娅的加入必将给《爆款新主播》带来很多新鲜的感觉和不一样的观看体验,吸引更多粉丝眼球。<sep>  作为融合了“直播”+“真人秀”的全新物种,由场景互娱、蓝象传媒、定向互动联合出品,腾讯视频平台独播的《爆款星主播》积极探讨如何运用综艺力增加品牌“内容力”这一课题。通过内容丰富、观赏性强的节目内容将主持人、明星、选手与品牌自然连接,借助节目中不同性格、形象的节目嘉宾达到品牌传播的目的,既加强了观众对品牌的认知和印象,又巧妙地与节目建立了新的互动方式。<sep>  据悉,《爆款星主播》将在11月登陆腾讯视频独播平台,在“ 全民皆主播 ”浪潮下打破圈层,通过多方位呈现主播特色,为年轻主播们搭建了一个个人IP独家打造的舞台,吸引观众、主播、平台、品牌等各方深度参与。一场席卷全行业的“主播热”浪潮呼之欲出,一场更激烈的品牌营销升级战也即将开启。<sep>(责编:哈哈大王)"
0,黄圣依《浪姐》首秀说唱 《我的新衣》燃爆全场,2020年08月03日 18:35,"  近期,综艺节目《乘风破浪的姐姐》持续热播,并进入了第五轮公演阶段。在此轮公演中,黄圣依自首轮之后,再次被分入由张雨绮领衔的“7人团”。并在公演中首次秀出说唱功力,一首《我的新衣》引爆全场观众热情。<sep>  <sep>  热门综艺《乘风破浪的姐姐》进入了第五轮公演的阶段,在此前口碑大逆转的“依依子”黄圣依,在首轮之后,再次被分入由7位姐姐组成的“7人团”中,在节目中,人数少是优化女团舞台呈现的一大“法宝”,更多的人数意味着更为复杂的走位编排,对于舞蹈的整齐程度也要求更高,“7人团”舞台难度可见一斑。然而黄圣依却在此轮表现的信心十足。在训练环节,黄圣依主动帮助队长张雨绮集合队友,并力挺队长表示其经验丰富,绝对值得信任。<sep>  在首场表演中,黄圣依组演绎的《我的新衣》一亮相就震撼全场,在队友郑希怡意外受伤无法参加舞蹈的情况下,依然奉献了一场完成度很高的表演。黄圣依在表演中,献出《乘风破浪的姐姐》中说唱首秀,并在表演中展现“甩头杀”,燃爆全场,引来观众频频惊叹。<sep>  <sep>  在此前的节目中,黄圣依因为慢热的性格,网络口碑经历了从“全网黑”到“全网粉转黑”的大逆转,而在本期节目里,黄圣依与队友的谈话中,揭秘了自己慢热的根源:黄圣依在节目中表示自己交友的圈子很小,平时也不爱出门参加聚会,在剧组期间,在拍摄结束后便会回到房间。并直言自己“好说话”,剧组需要加班拍摄或临时增场,从来都是有求必应,十分敬业。这一番吐露心扉的表达,让观众在弹幕中纷纷表示:“没想到你是这样的依依子”。<sep>  随着《乘风破浪的姐姐》赛程逐渐进入白热化,队员们的友爱情深也成为了观众津津乐道的话题,此前黄圣依和队友郑希怡的“床咚”互动,就引发全网热议。赛制虽然残酷,大家的友谊却真挚坦诚,让网友大呼“好有爱”。如今比赛仍在激烈的进行,本周播出的节目将会揭晓此次公演结果,值得期待。<sep>(责编:哈哈大王)"
0,王丽坤:早想到会被淘汰 看自己表情包也很诧异,2020年08月03日 14:57,"  “当你面对你不擅长的事情或者害怕的时候,反而去勇敢地面对它,你会发现它也没那么可怕,也许还会有不一样的收获。”<sep>  在7月24日播出的《乘风破浪的姐姐》第三次公演中,王丽坤被淘汰了。当晚,她在社交媒体发表长文吐露了自己离开后的心情和感受。<sep>  虽然在节目中被淘汰了,但是生活和工作还在继续,这些日子王丽坤马不停蹄地忙于各种工作,在经历了心情的沉淀后,她接受了新京报记者的专访。<sep>  <sep>  距离录制已经过去了一段时间,再提“淘汰”,王丽坤似乎很平静,“我是去感受这个舞台的,早晚会走,只是早一点晚一点而已。”这是王丽坤对于这段经历最真实的总结。她早有心理准备,没有不甘和遗憾,其实就连“早一点”和“晚一点”对她来说,意义也都是一样的。<sep>  正如她在社交媒体发文告别《乘风破浪的姐姐》时开篇所说的那样——“我是一个演员”,她总是把这话挂在嘴边。王丽坤会给自己一个很明确的定位,她很清楚,成团与否,那又怎么样呢?她终归会回到自己的本职工作上。“只不过在那个氛围里,和其他姐姐一起组团,一起拼,肯定希望有一个好的结果。”<sep>  所以,多留一期或者早走一期,现在她想想,其实没什么区别,“对于我来说,三次舞台已经有挺多收获的了。”<sep>  对于离开,她在情绪上其实没有太大的波动,只不过淘汰的那个当下,她明明早就想到了,但是真到面对的时候,还是会有一丝丝失落。说这话时,她的语气很柔和,声音不高不低却温柔有力,就像她本人一样。<sep>  <sep>  最初接到节目组邀约,王丽坤有一点犹豫,这两年很火的选秀节目她几乎都没关注过,“女团”这个词对她来说很陌生。犹豫的点,是因为觉得自己不擅长,但她又觉得自己好像还有一些兴趣。<sep>  “我觉得可以学一些没学过的舞种,而且我一直觉得歌手站在舞台上的那种感觉特别棒。”<sep>  在成为演员之前,王丽坤是学舞蹈的,她对舞台有感觉,“在舞台上,紧张也好、兴奋也好,都是很即时的回馈感,我很怀念这种在舞台上的感觉。”<sep>  能重新回到舞台,是打动王丽坤参加节目的助推力。对节目形式的新鲜感和强烈的好奇心,也让她最终决定加入。<sep>  虽然没怎么看过选秀节目,但是王丽坤知道这种节目会给大家上课、培训、练习,最后呈现出一场演出,大家在一起竞争。她也曾经以为,都是她这种“音乐小白”来参加这样的节目,“去了之后才知道,原来很多都是专业歌手,还有专业女团出来的。”<sep>  录制的前一晚,王丽坤还在问编导,到底都有谁,“他们也不说,搞得很神秘。”正如观众看到的那样,每个参加节目的姐姐,都是到了现场才知道其他“姐姐们”是谁,“当下就有点慌”,她觉得其他姐姐的实力都很强,但很快她安慰自己:既来之,则安之。<sep>  <sep>  第一次参加公演,王丽坤和伊能静、王智组成了一个三人团。因为排名原因,拿到的是一首她完全不擅长的歌曲,“歌儿很好听,但是对我来说太难了”。“不想给大家拖后腿”,在唱歌方面完全没有接受过培训的她,感受到了前所未有的压力。“当时伊能静姐姐一直在辅导我,包括唱歌的经验和技巧,王智也和我一起。我们就像相互鼓励、扶持的困难户。”<sep>  回忆起自己参加节目后最艰难的时刻,王丽坤表情很是轻松,“但是当下真的没办法从容。”<sep>  有了第一次的经验,到了第二次公演,王丽坤拿到了摇滚风格的歌曲,还是有很多人担心她的表现,她说她给自己设定了更适合的训练计划。“因为已经知道那个流程了,我就可以更好的安排自己,比如舞蹈我练两遍就会了,更多的时间可以练歌,李斯丹妮很擅长说唱,我跟着她,就有了方向。”<sep>  王丽坤庆幸自己是个演员,演员的本职工作就是要扮演好自己的角色,虽然舞台上的一些东西并不是她所擅长的,但是在团里,她觉得自己应该扮演好自己的角色,站好那个位置,她也很感谢队友们给自己的鼓励和支持,也正是在这个过程中,她回过头再去想,原来也许这就是所谓的“女团精神”。<sep>  <sep>  <sep>  性格慢热的王丽坤,在30个性格迥异的“姐姐团”中,很难让人一下就注意到。尤其是在前两期的节目里,她的镜头并不是最多的,也并非话题的焦点。<sep>  “我不太善于和别人交际,找话题聊拉近关系,我偏慢热。”直到现在,在30个“姐姐”中,王丽坤也只跟曾经拍戏合作过及组过团的姐姐有更多的交流和接触。<sep>  从第三期开始,王丽坤似乎突然活跃了起来,很多表情还被网友截图做成了表情包。她说最后一期的时候,王霏霏发给她一个片段,是王丽坤在使劲摇晃王霏霏,被人做成了表情包,当时大家觉得特别好玩。但是王丽坤自己很诧异,她完全没意识到自己摇晃得那么用力,“我当时内心就是想告诉她,不要自责,你已经很棒了。”<sep>  王丽坤说,节目组的录制还是很贴心的,都是隐藏摄像头,所以大家在慢慢地相处中,真情流露。从第一期的慌乱、紧张,和大家的生疏,到后来的放松,和团员的熟络,王丽坤也展现了内心最真实的状态。<sep>  来参加这个节目,王丽坤说,最大的收获就是以后更愿意去尝试一些以为自己不擅长的事情,而不是选择逃避。<sep>  新京报记者 张坤玉<sep>(责编:kita)"
0,《成为妈妈后》刘芸分享多面人生 身份变勇气不变,2020年08月03日 11:12,"  新浪娱乐讯 由腾讯视频、北京有养成长传媒有限公司联合出品的女性纪实类节目《成为妈妈后》第二季已于7月27日起每周一、二中午12点在腾讯视频播出。节目通过真实记录大S徐熙媛、刘芸、谢杏芳、李艾等中国女明星成为妈妈后的日常工作和生活,分享她们关于生育、养育的经验,解读他们成为妈妈后的忙碌、困惑、思考、成长。与万千女性共情,为新一代妈妈发声。本周嘉宾刘芸带着观众回到了自己的成长地,分享自己从一名演员,到妻子,再到妈妈,不同身份带给她的“变”与“不变”。<sep>  <sep>  本期节目中,刘芸重回她的成长地五一中路小学,分享自己成长经历:11岁离开长沙去广东学舞蹈,16岁决定放弃舞蹈考中戏,28岁那年,刘芸放弃了女演员的黄金期,选择和郑钧结婚生子......每一次人生节点,刘芸的决定都干脆利落。<sep>  如此果敢的性格,或许是源于父母之间的恩爱,以及父母对自己所有选择的无条件支持。不过,在刘芸的人生决定中,只有一件事,是连父母都强烈反对的——就是选择结婚生孩子。父母觉得刘芸还是个孩子,她连自己都照顾不好怎么照顾好这个意外的小生命。对此,刘芸也坦言,自己“母性”并不强,没有想很早当妈妈,“小天使Jagger ”是意外出现在了生命里。<sep>  可是,在周围的反对和质疑声中,她认为成为妈妈后一切问题都可以迎刃而解,所以坚定选择了“小天使”。她说,害怕变化不如拥抱变化。<sep>  <sep>  作为大众熟知的女演员,刘芸在事业上升期选择沉寂四年陪伴孩子成长,复出后又决定以综艺真人秀快速回到大众视野,这些选择和行为不可避免地遭到了一些人的非议。面对流言与误解,刘芸说“我不想活在一个综艺里,如果每一个误会我都去解释还挺浪费生命的,我选择在每个新工作里做自己。”不同的社会身份集合在同一自然人身上,演员、母亲、妻子、女儿这些身份并不冲突,就像每一个职场妈妈一样,在选择自我的同时也是在自我选择。<sep>  除了工作中的坚持外,刘芸也想成为能被孩子欣赏的母亲,节目里,她更多地分享了成为妈妈后的家庭生活,褪去职场女性身份外的她也有专属于家庭的韧性与柔软。作为10岁孩子的妈妈,她分享缓解孩子上网课焦虑的方法,也聊起儿子写的第一首歌和逐渐展露的音乐天赋时满面欣喜,更愿意为孩子变得不那么倔强拥有软肋。如果说,家庭像一支乐队,那妈妈就是这支乐队的指挥家,为爱定调。刘芸说她想成为一个陪伴成长型的妈妈,和孩子一同学习成长,任何情况都勇敢面对。<sep>  《成为妈妈后》作为腾讯视频与北京有养成长传媒合力打造的育龄女性纪实类节目,在制作升级、内容升级背景下致力于为“妈妈”们带来共鸣。此外,腾讯视频母婴频道也不断深耕品类内容,联合有养共同推出更多优质业内专家达人妈妈,为妈妈群体提供育儿生活上的多方支持和专业解读,进一步优化母婴品类内容生态。相信随着节目播出,徐熙媛、刘芸、谢杏芳、李艾四位优质正向明星妈妈的陆续分享和专业领域的强力背书,将会激励更多妈妈不断升级,自我成长,希望每个女性都可以用自己喜欢的样子成为妈妈。<sep>(责编:明侦探)"
0,白举纲回应乐队淘汰:狭隘的定义不能代表摇滚,2020年08月02日 11:25,"        新浪娱乐讯 在最新一期的《乐队的夏天2》中,白举纲<sep>所在的“白日梦症候群”乐队遭到专业乐迷的质疑而被淘汰。白举纲8月1日晚发长文回应此事,他表示对于这次比赛,他很享受,他很开心,对于比赛的结果他接受。相对于口舌之争,他们更在乎自己的音乐能够与多少产生连接。<sep>        对于专业乐迷认为他不适合做摇滚这一点,白举纲表达了自己不同的看法,直言“老师们的狭隘定义更不能代表“摇滚”,摇滚不代表“地下”、“愤怒”、“坏小孩”。“随着时代的进步和变化,摇滚乐对我们而言,是鼓舞我们的老师,是传递力量的战友,是在我们快撑不下去的时候来的一剂强心针。”直接阐发了自己对于摇滚的热爱。在文章的最后,白举纲向所有的合作伙伴、观众以及节目表达了感谢。<sep>        随后陈坤<sep>也在评论区留言鼓励白举纲:“每个人读解都不一样,正常,不要太当真。你好好的,开心的唱歌,观众席留座位给我。”<sep>        据悉,在最新一期的《乐队的夏天2》中,白举纲舞台表演结束后,在大众和超级乐迷票数超高的情况下,专业乐迷只给了两票。而专业乐迷给出的解释是白举纲的表现实在“太好孩子”不适合做摇滚,并没有地下的那种“核”的存在。一旁的周迅<sep>帮助白举纲说话,称时代或许是已经变了,并不是好孩子的错误,称白举纲这样没有问题。<sep>        网友也通过留言的方式表达了自己对小白的支持:“你很棒,七年了,就是很棒!”“从13年到现在,一直能看到你的进步,也给了我很多力量!冲啊白!我们一起加油!!!!”(砂糖桃子/文)<sep>(责编:七七)"
0,“氧气女神”王衣田受邀参与《星空青春季》录制,2020年08月03日 09:42,"  新浪娱乐讯 新晋人气小花王衣田因外表甜美而受关注,虽然娱乐圈从不缺少高颜值女艺人,不过像王衣田这般自带灵气的小花却少有,不少粉丝将她称为“氧气女神”。<sep>  王衣田早前受邀参与公益综艺《星空青春季》的录制,搭档喜剧演员修睿,虽然是新人,还未有足够的拍摄经验,不过面对镜头,王衣田丝毫不怯场,且敢于向导演表达自己的意见和想法,现场工作人员对其一致好评。<sep>  凭《星空青春季》获关注后,王衣田作为00后新生代小花,其清纯靓丽的形象为她赢得很多粉丝。<sep>(责编:明侦探)"
0,《隐秘》朱朝阳长得比严良高 周春红:牛奶没白喝,2020年08月03日 08:31,"  新浪娱乐讯 8月2日,<sep>“朱朝阳”荣梓杉<sep>、“严良”史彭元、“周春红”刘琳<sep>和“王瑶”李梦<sep>四位主演上节目做客,网友也惊奇地发现,“朱朝阳”荣梓杉已经比拍摄<sep>时个头高了很多,跟“严良”史彭元站在一起时,个头甚至比他还高。<sep>  “朱朝阳”个头比严良还高引发网友热议,“朱朝阳”荣梓杉转发微博,称“被发现了”,而在剧中扮演朱朝阳妈妈周春红的刘琳也转发微博,称“看到朝阳长这么高 ,妈妈甚感欣慰 ,牛奶没有白喝啊。”<sep>(责编:vhaha)"
0,外媒曝艾伦或退出《艾伦秀》:无法再继续了,2020年08月01日 09:35,"  新浪娱乐讯 据《每日邮报》报道,制作方Telepictures一位匿名内部人士透露艾伦·德詹尼丝在被投诉后,已经向Telepictures和华纳兄弟电视的高管提出了离开该节目的请求。内部人士称,她觉得自己无法再继续了,能解脱的最好办法就是离开这个节目。<sep>  最近,艾伦频频传出负面新闻,遭节目《艾伦秀》30多名员工联合控诉,<sep>“双面人”。据《纽约时报》报道,艾伦于周四通过电子邮件向工作人员道歉。"
0,孙红雷调侃黄渤街舞姿势 遭对方用瓜子皮拼名字,2020年08月01日 14:02,"   <sep>   新浪娱乐讯 8月1日,黄渤发微博官宣加盟《这就是街舞》,孙红雷转发微博回应称:“大家围观一下我家渤,这姿势,是到了哪个景点要照相呢,忘记带披肩了,真香,瓜子大婶......”黄渤随后晒出用瓜子皮拼成孙红雷名字的图片。网友纷纷评论称:“黄渤孙红雷隔空互怼我能看三十集!”<sep>(责编:罗罗)"
0,第四季男女都可报名?《创造营》官博辟谣:假的,2020年08月02日 20:35,"  新浪娱乐讯 8月2日,在腾讯视频年度发布会上,《创造营2021》宣布选手招募启动,随后网传第四季男女都可以报名,对此,腾讯视频创造营2020官微否认称:“假的”。<sep>(责编:麦子七)"
0,郑希怡方回应彩排时受伤 这两天仍在继续录制节目,2020年07月31日 18:22,"  新京报讯(记者张坤玉)7月31日,在最新播出的一期《乘风破浪的姐姐》中,郑希怡在彩排时意外受伤,并前往医院接受检查。节目中,医生称因为挫伤,如果再剧烈运动的话,用力不当很容易把韧带拉伤。随后,新京报记者联系到郑希怡团队,对方透露,郑希怡“正在边休养边练习中,这两天也还在录制节目。”<sep>  至于伤情会不会影响到后续在节目中跳舞,工作室回应:大家可以关注第五次公演的播出。<sep>  晚些时候,郑希怡也在社交媒体发文回应受伤一事,她称:“还好受伤的不是嘴,还能站着和大家一起唱RAP。”<sep>  新京报记者 张坤玉<sep>(责编:小万)"
0,《中国新说唱2020》开战 实力选手打响冠军争夺战,2020年07月31日 16:17,"  <sep>  <sep>  <sep>  一份疑似“中国新说唱选手名单”的爆出,也让人们看到了今年的选手在兼具实力的同时,更呈现出多元化、年轻化的特点,让这场夺冠之战充满无限可能,精彩度倍增。<sep>  <sep>  <sep>  <sep> <sep>  <sep>  <sep>  <sep>  <sep>(责编:哈哈大王)"
0,郑希怡回应彩排受伤:还能站着和大家一起唱rap,2020年07月31日 15:44,"  新浪娱乐讯 7月31日,新一期《乘风破浪的姐姐》节目中,郑希怡<sep>彩排受伤登上热搜,随后郑希怡发微博回应:“还好受伤的不是嘴,还能和大家一起唱Rap”。粉丝为她加油打气:“姐姐你粤语rap好酷!!我好喜欢!!”、“没事你很棒!帅就完事!”<sep>(责编:小珂)"
0,黄晓明搬箱赵丽颖算账《中餐厅4》今晚开播角色变,2020年07月31日 13:15,"  从官宣以来就一直备受关注的《中餐厅4》,今晚十点终于要在在湖南卫视正式播出了。由黄晓明、赵丽颖、张亮、林述巍、李浩菲组成的青春合伙人团队,在长江上进行了为期21天的美食奇幻漂流。在最近官方发出的预告片中就可以看到,黄晓明来到《中餐厅》第一天就被“坑”了,这到底是怎么回事?<sep>  巴东百步梯吓倒合伙人 黄晓明化身暖心搬运工<sep>  巴东三峡巫峡长,猿鸣三声泪沾裳。巴东是合伙人们本季长江之旅的第一站,小城依山而建,上连重庆,下接宜昌,位于巴山以东,故名为巴东。由于山区多为盘山公路,连接两条路最简单的方式就是百步梯,所以合伙人们来到这里面对的第一个挑战就是爬百步梯。<sep>  黄晓明是第一个到达码头的合伙人,作为《中餐厅4》的店长,面对百步梯自然不能退缩。把自己的行李搬完已经是满头大汗,但他仍然记挂着其他合伙人,尤其是照顾着团队里的女生。提前给大家打电话确定到达时间,帮助大家一趟一趟搬行李,黄晓明在长长的百步梯上来回穿梭,化身一位暖心的搬运工。<sep>  记得在《中餐厅3》中黄晓明曾经带了18个行李箱,厨具、调料一应俱全,为《中餐厅》的经营提供了很大的支持。看样子这一季林大厨是吸取了经验,在来之前做足了准备。不过本季回到国内录制,食材、调料都是新鲜的,购买也很方便,这下准备有点“过于充分”了,面对百步梯和身边十几个箱子,林大厨都不禁说了一句“可能把这个事情搞大了!”<sep>  中餐厅资金周转疑遇难题 赵丽颖“巧妇难为无米之炊”?<sep>  这边黄晓明搬行李搬得不亦乐乎,还没有歇一口气又和大家一起出发去采购了,后续又发生了什么故事呢?结合之前的路透来看,黄晓明赵丽颖还有其他合伙人,在整理完行李后就出发为餐厅营业采购食材了。照片中赵丽颖买菜边付钱边记账,看起来也是得心应手的样子。网友们也十分好奇,她在中餐厅到底是什么担当呢?<sep>  之前《中餐厅》的节目监制夏青发微博透露,合伙人第一次买菜的经历会是丽颖觉得最晕的事。所以在买菜的过程中是发生了什么事情吗?这不禁让大家联想到前几季餐厅曾经出现过的“财务危机”。加上本季有两位大厨加入餐厅,两个对自己菜品要求极高的人,对食材的要求应该也很高,这样看来采购压力还是很大的。如果丽颖真的负责管钱,会不会面对“没钱可管”的局面呢?<sep>  从“中餐厅去哪里”到“中餐厅从哪里来”,合伙人们的长江之旅今晚十点即将正式起航,这次的故事将从巴东讲起。究竟黄晓明搬了多少件行李?赵丽颖在餐厅的职务担当是什么?合伙人们能否顺利在长江上经营餐厅?让我们带着问题,一起去节目中寻找答案吧!<sep>(责编:哈哈大王)"
0,王一博舞蹈合集因侵权下架?《街舞》导演回应,2020年07月31日 10:04,"  新浪娱乐讯 7月29日,有网友发现粉丝自制的王一博舞蹈合集《神的孩子在跳舞》遭到下架,视频up主晒与客服沟通截图,客服回复:“收到优酷的法务侵权申诉文件,应对方要求下架稿件”。随后引发粉丝热议。<sep>  7月31日,《这就是街舞》导演回应,称:“《这!就是街舞》节目从未要求删除或下架和节目完全没关系的任何视频剪辑作品或合集,我们没有也不应当有这个权力。”<sep>(责编:小珂)"
0,伊能静珍惜和张萌黄圣依情谊:希望一直互相扶持,2020年07月30日 21:14,"        新浪娱乐讯 7月30日晚,伊能静<sep>在微博晒出和张萌<sep>、黄圣依<sep>的亲密合照,写道:“<sep>婆婆和妈妈》<sep>        伊能静还动情地表白两位好姐妹:“张萌<sep>”<sep>(责编:七七)"
0,《新西游记8》开拍网友跪求安宰贤回归 tvN回应,2020年07月30日 19:45,"  新浪娱乐讯 据台媒报道,韩国超人气综艺《新西游记》第一季于2015年开播,该节目宗旨过去都是在海外拍摄,传递当地的美食与特色,第7季在1月结束,近期多注重于“番外篇”,直到29日才有最新消息传出,即将在8月开始录制第8季,更有许多观众敲碗希望安宰贤回归,对此tvN也作出回应了。<sep>  据韩媒报道,29日传出tvN已经着手准备《新西游记》第八季的拍摄,只不过因为新冠肺炎疫情延烧全球的关系,在无法出国的情况之下,决定在韩国国内拍摄,并会录制长达两个月的时间,预计将在8月开拍,消息一出后也随即引起许多忠实观众讨论。<sep>  其中,从《新西游记》第二季加入的成员安宰贤,也随着第八季拍摄的消息受到关注,日前第七季拍摄前他陷入与前妻具惠善的婚姻纠纷,当时以“不想因为私人原因给节目添麻烦”而下车,近日他和女方的离婚官司也走入司法程序,慢慢地和平解决中,因此让许多粉丝都希望他能够回归节目,继续展现“新美”的魅力。<sep>  对此,tvN也随即做出回应,坦言“《新西游记》第八季虽然已经确定于韩国国内拍摄,但是具体的主题、拍摄行程等都还没有确定,还在讨论的阶段,且对于安宰贤是否回归,也还没有确定”。(ETtoday/文)<sep>(责编:烩饭)"
0,giao哥将参加《中国新说唱》 宣称要拿下金项链,2020年07月29日 13:45,"  新浪娱乐讯 7月29日,网红giao哥发微博自曝将会再次<sep>,并freestyle了一段自称“AKA 阿<sep>”,还说一定要得到吴亦凡<sep>的认可,拿到金链子。<sep>(责编:Mia)"
0,《中餐厅4》明晚十点首播 首支预告片上线,2020年07月30日 14:40,"  新浪娱乐讯 随着本周五《中餐厅4》开播日的临近,网络上关于节目、嘉宾的讨论热度也越来越高。网友们除了好奇新加入的青春合伙人赵丽颖在节目中的表现外,同样好奇再度担任店长的黄晓明在本季节目中会有何表现,是延续以往的风格?还是有了全新的变化?昨晚本季《中餐厅》首个预告片惊喜上线,可以看出这一季的“黄店长”大不一样。<sep>  黄晓明即任店长又成“船长”,首期节目刚抵达录制地就“意外被坑”?<sep>  预告片中,伴随着青山绿水的优美画幅展开,黄晓明娓娓道来本季回国录制的新鲜感受:去国外的《中餐厅》是“《中餐厅》去哪里”,而回到中国的《中餐厅》是“《中餐厅》从哪里来”。黄晓明还表示“很期待这次《中餐厅》回家的味道。”然而话音未落,志得意满回归《中餐厅4》的黄店长却一下车就感叹:“又入坑了,又被坑了”,这到底是怎么回事呢?<sep>  原来首期节目就先给了黄店长一记下马威——长长的百步梯是晓明哥抵达录制地后遇到的第一关挑战,提着行李的他必须走下百步梯才能登上“中餐厅号”邮轮,看看他手里两个大大的行李箱,不仅为晓明哥捏把汗:“这得走多久才能搬下去?”不过令人意想不到的是,黄店长最先担忧的却是“待会女孩子来了怎么办?我得去接她们。”节目组还俏皮地配字:“在中餐厅‘箱’信爱”......相信丽颖和浩菲应该会很感动!<sep>  霸道boss变身暖心哥哥?“黄店长”从内到外散发着暖意<sep>  不过黄店长说到做到,从预告片透露的内容来看,黄晓明似乎正在对某位嘉宾发送语音,汗流浃背的黄店长对着手机那头询问道“什么时候到?我得去接你一下。”而后到达的张亮也被长长的百步梯震慑住了,元气少女李浩菲也忍不住向晓明哥求助。有求必应的黄店长尽管汗湿衣衫,嘴上却依旧说着没事没事,勤快地替赵丽颖等一众小伙伴搬运行李。<sep>  不过没想到“大boss”似乎还在后面,并不知道要面临“百步梯”这等艰巨挑战的林述巍林大厨,带了超多行李,连自己都不禁感叹“可能把这个事情搞大了......”,伴随着晓明哥幽幽感叹“感觉腿已经不是自己的了”,疲惫中又带着几分好笑!至于黄店长到底搬了多少趟箱子、又来回爬上爬下多少次?期待正片揭晓正确答案!<sep>  看了预告片后更加期待,这样暖心的晓明哥在节目里还会有些什么惊喜表现呢?期待本周五晚10点《中餐厅4》首播,一起来见证“黄船长”真正的“乘风破浪”之旅吧。<sep>(责编:kita)"
0,杨洋时隔五年回归真人秀 吴奇隆擅长人脸识别,2020年07月29日 22:37,"  新浪娱乐讯 7月29日,湖南卫视代际互动观察类游戏综艺《元气满满的哥哥》在成都进行录制,元气大哥队队长胡军和元气小哥队队长杨洋,分别率领元气大哥队成员蔡国庆、李维嘉、吴奇隆、王耀庆,元气小哥队成员陈学冬、黄明昊、王鹤棣、王彦霖接受了采访。<sep>  <sep>  作为湖南卫视第三季度全新打造的“新快综”,《元气满满的哥哥》在类型创新上进行了极大突破。节目将十位哥哥划分为元气大哥队和元气小哥队,其内核是对代际碰撞的一次直面。<sep>  此番加盟《元气满满的哥哥》是杨洋阔别五年不录综艺后的再度回归,此番备受期待的回归,他本人首次正面回应:“(和花少)同一个团队更加的熟悉,安全感更加的足一些。这五年没有参加什么节目,粉丝也希望看到我,所以在综艺里面出现了。” 在被记者问到作为元气小哥队队长是否有压力时,杨洋也坦率表示,压力肯定是有的,特别是在节目中队长还要决定谁下期停赛这个问题上考虑得很多,但是 “来这个节目,我就希望能够照顾好弟弟们,跟哥哥们好好玩一下游戏也是很放松的”。<sep>  而杨洋所说的照顾也体现在细节之处。7月28日恰逢元气小哥王彦霖的生日,寿星也爆料跟哥哥和弟弟们度过了难忘的生日,队长杨洋还亲自下厨为他准备了长寿面。<sep>  <sep>  《元气满满的哥哥》在跨代际新老游戏的对决下,凸显两代偶像的个性反差与思想碰撞,实现代际价值观的输出和相互影响。<sep>  哥哥们在节目中更是不服输、不服老,力争用自己最好的状态去赢得比赛。蔡国庆毫不掩饰想要成为元气小哥队的想法:“我就想从大哥哥这边变成元气小哥哥这边,有一次开玩笑说,元气不仅我们这个岁数要保持这个元气,关键还是要吸元气......”<sep>  被大家誉为元气大哥队中“体力担当”的吴奇隆,也被陈学冬频频称赞战斗力极强,“在做游戏的时候是非常厉害的哥哥。”胡军则在一旁笑称吴奇隆很擅长“人脸识别”,尤其是认女孩很准。捉迷藏的时候,女孩子们基本都是被他找到的。” 对于自己记不住人名这个“槽点”,胡军也在现场表示对于一些年轻人的名字,一开始确实记不住,但是与兄弟团已经相处了一段时间,他们的名字肯定记住了。<sep>  此次录制地点恰逢四川成都,王鹤棣恰好是四川乐山人,可以说回到了半个故乡,说到美食,在一旁的胡军老师也按捺不住自己的心情让王鹤棣把哥哥叫来,给大家安排正宗的四川烤串。<sep>  <sep>  在目前释出的宣传片中,元气大哥队和元气小哥队一路“相爱相杀”,哥哥们更是活力满满。是否为了游戏而开始健身?胡军说,虽然我们都不属于健身达人,但是健身已经是我们生活中的常态。王耀庆还透露,在游戏中比体力比不过小哥队,大哥队也并不会在短期内通过健身增强体力,哥哥们有的就是多年积累的经验,总结下来,改变游戏规则就是获胜的法宝。<sep>  对此,蔡国庆则表示:“虽然护腰板和护膝暂时还没派上用场,但是那些我养生的东西都还会还带着,硬仗还在后面”。更表示儿子庆庆是自己的强大动力:“实话实说,儿子庆庆说老爸你千万不要给我丢人,我天天陪着你。”还透露庆庆每天给自己做三组仰卧起坐和俯卧撑。<sep>  <sep>  近期《乘风破浪的姐姐》热度不减,参赛成员吴昕也担任《元气满满的哥哥》主持人,节目中哥哥们被问及pick哪位姐姐,哥哥们的表现毫无求生欲,王耀庆直言pick万茜,完全无视“元气大小姐”吴昕的存在。对此,王耀庆也细心解释道:“因为我只有跟万茜合作过。我没有跟吴昕合作过。我跟万茜一直维持一个良好的互动,所以我才说希望是万茜,就忽略了吴昕的这个心情。”<sep>  十位年龄不同、性格各异的哥哥即将承包这个夏天的电视荧屏,他们会在轻松愉快的游戏中,碰撞出怎样的代际火花?元气哥哥们还将贡献哪些爆笑“名场面”?“童年记忆”时刻来袭,节目又将与各年龄层观众之间产生怎样的代际共鸣?期待本周五晚20:10湖南卫视《元气满满的哥哥》。<sep>(责编:明侦探)"
0,《忘不了餐厅》温馨回归 王彦霖打岔应对状况百出,2020年07月29日 12:01,"  新浪娱乐讯 7月28日晚,《忘不了餐厅第二季》温馨回归,节目组聚焦轻度认知障碍的老人们并经营一家餐厅。当天在聚餐与岗前培训环节,孔奶奶和朴爷爷“转瞬即忘”的情况就让店长团猝不及防。<sep>  在专家建议下,王彦霖巧用“打岔”聊天法,在老人出现焦虑时,以“朴爷爷,一会吹个小号”、“奶奶,喝水吗?”等聊天方式转移注意力,渐渐让老人们适应新环境。最终王彦霖发出感叹:渤哥,打岔好使,打岔真好使!<sep>(责编:kita)"
0,韩综《Kingdom》年内播出无望 偶像组合不愿出演,2020年07月29日 11:20,"  新浪娱乐讯 韩国Mnet电视台《Kingdom》节目今天被爆料已基本确定无法在年内开播。<sep>  《Kingdom》是Mnet在女团回归竞争节目《Queendom》大获成功后趁热打铁企划的同类型节目,原定在今年下半年开播,但有媒体今天爆料,《Kingdom》的制作四处碰壁,基本上已经没有可能按原计划在年内开播。爆料媒体表示,因为《Kingdom》实质上是将偶像组合按人气区分出等级,许多偶像组合不愿意出演该节目,加上今年4月播出的预热节目《Road to Kingdom》未能像《Queendom》一样引发大众话题,更使得偶像艺人们对出演《Kingdom》犹豫不决。<sep>  据爆料媒体透露,《Kingdom》原定今年下半年开播,但从目前的情况来看,《Kingdom》基本已经没有可能性在今年播出。Mnet电视台也表示,《Kingdom》的具体播出时间还没有确定。吕东垠/文 版权所有Mydaily禁止转载<sep>(责编:肉圆)"
0,“黑红”的《印度媒婆》 背后的故事不简单,2020年07月29日 06:45,"  你有没有过这样的经历——对于某个节目、电影、电视剧,一方面内心默默地鄙视它,另一方面却忍不住打开它一直追下去?<sep>  许多网友对于《印度媒婆》(Indian Matchmaking)这个节目的感受就是这样的。<sep>  《印度媒婆》是美国网飞平台(Netflix)推出的一个印度相亲节目,属于半真人秀、半纪录片性质,主要讲述的是孟买“顶级媒婆”西玛·塔帕利亚横跨美国、印度几大主要城市,为印度年轻人、印裔美国人牵线搭桥的故事。<sep>  这个节目一经推出就爆火,而且是“黑火”。许多网友表示,对这个节目“又恨又爱”,“恨”其中传达出的一些价值理念,但又忍不住继续追下去。<sep>  BBC指出,这个节目展现了印度现代社会下的包办婚姻,而在其背后的,则是印度社会中的等级制度、种姓制度、肤色主义、精英主义、厌女症和父权规范。<sep>  <sep>  故事其实很简单。<sep>  自称为“孟买顶级媒婆”的西玛·塔帕利亚游走在印度、美国富裕年轻客户的家中,了解客户的择偶要求,为他们安排合适的相亲对象,最终目的则是让他们结婚。<sep>  塔帕利亚在纪录片开头表示,“上天决定哪些人应该在一起,而上帝给了我这个工作,让他们在现实中成功在一起”。<sep>  “我会和这些男孩、女孩交谈,评估他们的本性。还会参观他们的家,看看他们的生活方式,了解他们的择偶要求和偏好。”塔帕利亚表示,她会为每个客户制作相亲资料,然后为其安排她认为合适的相亲对象,为他们安排好约会,最后由两人自主决定是否要尝试在一起。<sep>  她的客户主要是30岁左右的印度裔美国人,这些人此前曾通过许多约会软件尝试找到另一半,但未能成功,最终还是选择了这种传统的印式相亲方法。他们有的是受家庭催促急需找到另一半,有的是因为年纪偏大希望将自己嫁出去。<sep>  据美国公共广播电台(NPR)报道,最终出现在纪录片中的包括一个25岁的孟买男士Akshay Jakhete,他一直拒绝结婚,导致他的母亲非常着急。他的母亲对于他25岁还不结婚感到非常失望,指责他不结婚导致她血压升高、导致他的哥哥不能生第一个孩子,甚至称这有害于他的身体健康。<sep>  34岁的休斯顿律师Aparna Shewakramani是该节目的核心话题人物,她坚持自己不想随随便便找一个人嫁了。Aparna自我要求非常高,称自己7岁就决定要读法学院、14岁开始学大学课程。她对另一半的要求也非常高,包括对方必须是来自印度北部的印裔美国人、必须知道玻利维亚有盐滩、不是律师、衣着讲究等。<sep>  <sep>  Netflix于7月8日开始播出《印度媒婆》,随着8集节目陆续播出,节目在社交媒体上的讨论度居高不下,尤其是在印度社交媒体上,许多网友一边骂一边忍不住继续看。<sep>  网友Anushka称,“《印度媒婆》将性别主义、等级制度、肥胖恐惧、肤色主义正常化。我100%推荐大家一口气看完、边看边骂”。<sep>  这个节目为何会有如此大的争议?NPR指出,或许因为这个节目太过真实,展现了印度社会中的很多“沉疴”。<sep>  媒婆塔帕利亚是争议最大的人物。她在节目中一再强调,女性在寻找配偶的过程中应该“更顺从、更灵活”,建议女性客户“调整自己的标准,做出妥协”。她还会经常批评女性客户的外表,有一次称一个女性客户“太不上镜”。<sep>  对于34岁的律师Aparna因为对方不够有野心而拒绝第一个约会对象,塔帕利亚称“如果她一直这么不断否定,她没法找到人生伴侣”。对于另一个女性客户,塔帕利亚的同事建议,若是对方要求,这个客户应该放弃自己事业、家庭、朋友,搬到另一个国家生活,称“生活从来都不是平等的”。塔帕利亚甚至会通过占星师、面相师说服她的客户们。<sep>  塔帕利亚在节目中称,“在印度,婚姻是两个家庭的事,他们要考虑声誉、数百万美元的家产等,因此在婚姻上父母要指导他们的孩子”。她还直接指出,印度人婚姻时必须考虑种性、身高、年龄甚至星象等,“要考虑非常多的因素,才能找到合适的人选”。<sep>  节目中的父母也有自己的一套标准。尤其是年轻男性的母亲,她们一般要求相亲对象“高挑、白皙(fair)、来自一个好的家庭、有自己的‘城堡’”。还有男嘉宾表示,他心中理想的妻子就是和自己母亲类似的女性。<sep>  影评人Anna Vetticad对BBC表示,“作为一个接受良好教育、自由的中产阶级印度裔女性,我并不认为婚姻是人生必要的一部分,我看这个节目时就像一个局外人在审视一个外星世界”。<sep>  还有网友指出,这档节目直接将印度社会中的等级制度、肤色主义、性别歧视主义展现出来,甚至认为这是合理的,这一点非常令人愤怒。但也有网友认为,这正是印度的社会现实,能够引发人们反思。<sep>  <sep>  据BBC报道,在印度,包办婚姻非常常见。虽然随着时代的发展,城市地区的自由婚姻逐渐增加,但从整个国家的角度而言,由于严格的种姓制度,90%的婚姻仍然属于包办婚姻。<sep>  传统上,给年轻人相亲是家庭牧师、亲戚朋友、邻居大妈(中国简称“七大姑八大姨”)的工作。但也有一些父母会在报纸上刊登征婚信息,为自己的孩子寻找合适的配偶。近些年来,相亲的形式有了变化,越来越多的“专业媒婆”、婚恋网站进入市场,成为年轻人相亲的主要形式。<sep>  批评人士指出,这个节目最大的槽点就在于,它某种程度上“美化”了印度社会的包办婚姻,将其描述为一种无害的、走进婚姻的另一种选择。<sep>  《印度快报》指出,《印度媒婆》这个节目展现的事实上就是印度包办婚姻的现状,包括女性在婚姻中必须妥协、不能太固执,男性找伴侣的要求都是漂亮、身材好、聪明、白皙等。报道还着重指出,女性律师在相亲中非常不占优势,男方家长甚至会直接要求女方辞职,因为不希望女方在家庭中也太善辩。<sep>  塔帕利亚在节目中曾指出,目前印度年轻人的婚恋交友自由度比以前高很多,但她认为这非常不好,应该由父母来为孩子选择配偶。《印度快报》则认为,这显然不是事实,因为一旦考虑到婚姻层面,种姓、等级、肤色都是非常关键的因素,大部分的年轻人仍然没有选择权。<sep>  在印度,跨种姓的婚姻是非常罕见的,即使有也非常容易产生家庭暴力问题。据报道,印度每年都有数十人被家人杀害,主要原因就是跨种姓的婚姻。一些社会改革人士希望推动跨种姓婚姻,以逐步结束种姓制度;印度一些州也鼓励跨种姓婚姻,会给低种姓一方给予现金奖励。然而,现实中要实现跨种姓婚姻仍然非常困难。<sep>  新京报记者 谢莲<sep>(责编:kita)"
0,林志颖绿洲发长文谈家庭:亲情的爱没有终点,2020年07月28日 19:25,"        新浪娱乐讯 7月28日,林志颖<sep>在绿洲发长文谈参加《婆婆和妈妈》的录制、向观众分享自己的家庭,表示<sep>  <sep>  <sep>(责编:七七)"
0,郑希怡回应追星成功刘雨昕 霸气姐姐展现害羞一面,2020年07月28日 17:48,"   新浪娱乐讯 7月28日,在视频中,郑希怡回应追星成功刘雨昕的感受,并对拍摄者说“你们根本就是想看我出丑的样子”。郑希怡表示很开心,并笑称要不是因为刘雨昕,她应该录不了那么长时间。随后郑希怡说看完自己与刘雨昕同框的视频,想把它毁掉,因为过于紧张手上动作很不自然。<sep>  此前,郑希怡在微博喊话刘雨昕:@THE9-刘雨昕 我很喜歡你,為什麼不回覆我私信,我要取消關注妳了!而后,两人终于见面并赠送礼物,双方均紧张且害羞。<sep>(责编:明侦探)"
0,柯佳嬿追《浪姐》Pick李斯丹妮:跳舞真是绝了,2020年07月27日 21:40,"        新浪娱乐讯 7月27日,柯佳嬿<sep>在微博晒出李斯丹妮<sep>的照片,写道:“李斯丹妮一跳起舞来真的是......”网友纷纷评论:“<sep>”“<sep>”<sep>(责编:七七)"
0,《成为妈妈后》上线 徐熙媛刘芸描绘中国妈妈图鉴,2020年07月27日 15:23,"  新浪娱乐讯 由腾讯视频、北京有养成长传媒联合出品,首档妈妈成长纪实短视频《成为妈妈后》第二季已于7月27日登陆腾讯视频,每周一、二中午12点更新,通过真实记录徐熙媛、刘芸、谢杏芳、李艾四位中国女性明星的日常,分享她们成为妈妈后的故事和感悟,描绘中国妈妈新图鉴,为中国妈妈赋能。<sep>  <sep>  谈及节目创作理念,节目联合出品人、有养创始人周洲表示:“女性作为角色复合体,其中妈妈身份是女性社会角色中的重要一环,新身份的获得不仅证明着她们进入了新的生活阶段,更带来了不同的人生感悟以及看待生活的新角度。但往往随着新身份而来的是家庭及社会对妈妈的偏见式标签,在家庭中她们被要求无所不能,面面俱到,甚至成为超人,但在职场里却面临着晋升机会的缺失以及挑战性工作的减少。”<sep>  节目第一期嘉宾大s徐熙媛分享的工作困扰,或许也是育龄期工作女性的普遍困扰。当徐熙媛生了孩子后,大部分工作机会就变成了中年女性类型的角色,甚至曾被邀约出演王大陆的妈妈。而在职场中,新手妈妈同样会面临类似的职场瓶颈,仿佛“妈妈”成为了人生角色的限制。2018年发布的《全球妈妈幸福指数》调查报告更指出,在160个国家中,中国妈妈幸福感仅排61名。<sep>  基于此,《成为妈妈后》着力展现中国育龄女性人群的困惑与焦虑,通过走进明星妈妈徐熙媛、刘芸、谢杏芳、李艾的日常生活,记录真实的育儿生活为“妈妈们”代言,用真实的故事让大众认识到,母亲不需要被定义,她可以成为任何她想成为的人。<sep>   <sep>  徐熙媛大S自出道之初呈现在观众面前就是“公主”形象,当妈妈仿佛是不会发生在她身上的事,有粉丝评论“明明有那么好的资源,你却选择在家带孩子,有点可惜”。但在《成为妈妈后》的镜头前,已经是两个孩子妈妈的徐熙媛显得无比坦然,“人生就是这么奇妙,就突然遇到了一个对的人结了婚,然后顺理成章地就生了孩子。”对于成为妈妈,徐熙媛表示人生的每一步都是自己选择的,不迎合“标签”,不“应和”评价,才能做自定义人生的“硬核”妈妈。<sep>  但除了豁达与开朗外,徐熙媛也有自己成为妈妈后的小烦恼,回溯自己生育两个孩子的过程,她说“当艺人好像我是天生就会的,可是当妈妈我完全不是天生就会的”。从面对生二胎时自己突然断气时的凶险,到孩子出生后如何不偏心地对待两个孩子,再到收到孩子礼物的惊喜和对孩子未来的成长规划,每一步都需要细心思量考虑周全。孩子的成长也是母亲的成长,正应了那句话“你是第一次当孩子,妈妈也是第一次当母亲”,节目中分享的这些育儿经也引发不少新手妈妈们的共鸣。<sep>  《成为妈妈后》作为腾讯视频与北京有养成长传媒合力打造的育龄女性纪实类节目,在制作升级、内容升级背景下致力于为“妈妈”们带来共鸣。此外,腾讯视频母婴频道也不断深耕品类内容,联合有养共同推出更多优质业内专家达人妈妈,为妈妈群体提供育儿生活上的多方支持和专业解读,进一步优化母婴品类内容生态。相信随着节目播出,徐熙媛、刘芸、谢杏芳、李艾四位优质正向明星妈妈的陆续分享和专业领域的强力背书,将会激励更多妈妈不断升级,自我成长,希望每个女性都可以用自己喜欢的样子成为妈妈。<sep>(责编:哈哈大王)"
0,"孟佳晒6岁粉丝送的祝福卡 回应""定不辜负你的爱""",2020年07月27日 12:21,"  新浪娱乐讯 7月27日,孟佳更新微博动态,晒出两张6岁小粉丝送给自己的祝福卡,并配文表示:“我收到了你的爱,我现在回答你的问题哦。姐姐今年30啦,以后姐姐?阿姨?做更多好看的发型,记得叫妈妈也给你扎同款好不好? 我一定会好好加油不辜负你给我的爱哦!希望你能开开心心的长大,做你想做的事情”。<sep>(责编:Mia)"
0,蓝盈莹金晨为张艺兴打call 本尊回应并附温馨提示,2020年07月27日 10:21,"  新浪娱乐讯 7月26日晚,蓝盈莹<sep>、金晨<sep>先后发文为张艺兴<sep>在《这就是街舞》中的帽子戏法krump表演打call。随后,张艺兴分别回复两人:“Hi ,蓝盈莹老师,谢谢你为我打词,如果对krump有兴趣的话,下次我可以和你交流一下”、“Hi,你好,金晨老师,谢谢你高度关注与支持,甩头的时候注意脖子,不然容易扭到”。<sep>(责编:Mia)"
0,吴亦凡回应争议 称autotune更像“滤镜”,2020年07月27日 10:02,"  新浪娱乐讯 吴亦凡在纪录片《时代我》中回应质疑与有关autotune的误解,称其并非单纯的电音。<sep>  吴亦凡称:autotune更像一种“滤镜”,我并没有在给我的人声加美颜,但其实我在加的是一种我喜欢的滤镜、我喜欢的一种质感在里面,我只是把它的色调改变了一下。网友表示要坚持自己所热爱的,真诚对待每个作品就好。<sep>(责编:哈哈大王)"
0,张萌喜提王一博回复 感慨:需要最重要的杜华姐姐,2020年07月26日 21:59,"        新浪娱乐讯 7月26日,张萌在微博晒出王一博回复自己的截图,兴奋写道:“<sep>@乐华娱乐杜华<sep>”<sep>        25日晚,张萌发微博表白王一博:“我的天,王一博怎么跳舞跳得越来越炸了,看他跳舞能把我看cry。看他膝盖转地的时候,我kneel down了! and 梦迪加油,太励志了!”26日,王一博现身评论区回复张萌,“谢谢萌姐~有机会一起炸舞台”。张萌随后回应,“哇!是你么,你怎么这么可爱。被这么多人回复过,我还是第一次脸红呢!其实我想说,除了有机会一起炸舞台,我还想和你片场见”。<sep>(责编:七七)"
0,华莎开直播被指服装涉种族歧视 节目组发文澄清,2020年07月26日 20:23,"  新浪娱乐讯 据香港媒体报道,韩国女团MAMAMOO成员华莎本月15日与模特儿韩惠珍及谐星朴娜莱为MBC节目《我独自生活》进行网上直播,二人以特别造型示人,其中华莎就戴上头巾及穿上民族风上衣,部分海外粉丝指华莎身穿的疑似是尼日利亚的传统服饰,质疑有种族歧视之嫌。<sep>  节目组昨日透过官方频道发文表示得悉有粉丝对华莎在直播中所穿的服饰感到不快,澄清并无种族歧视之意:“华莎所穿的衣服是来自韩国人以前经常穿的桑拿服装,绝对没有贬低其他国家传统服饰的意图。”节目组又指直播是属于搞笑轻松类型的节目,知道当中的服装可能令人误会是贬低传统服装后,他们亦感到很忧虑,但强调华莎所穿的服装绝对与特定文化无关,希望消除大家的误会。<sep>(责编:烩饭)"
0,蓝盈莹金晨夸张艺兴帽子戏法krump:绵羊力量真强,2020年07月26日 20:12,"        新浪娱乐讯 7月26日晚,蓝盈莹<sep>、金晨<sep>先后发文为张艺兴<sep>在《这就是街舞》中的帽子戏法krump表演打call。蓝盈莹用全英文写道:“<sep>”<sep>        金晨则晒出张艺兴跳舞的动图,夸赞称:“<sep>”<sep>(责编:七七)"
0,张雨绮时间不够练不完舞 大喊“神你在哪帮帮我”,2020年07月26日 17:06,"        新浪娱乐讯 7月26日,张雨绮<sep>微博发文大呼练不完舞:“<sep>”网友纷纷逗趣回复:“<sep>”“<sep>”<sep>(责编:七七)"
0,《乐夏2》拥抱失控:五条人换歌 水木年华淘汰,2020年07月26日 12:43,"  <sep>  当重塑雕像的权利出现在《乐队的夏天》第二季的舞台上,并且在第一组组内竞赛中获得第一,这一幕让很多人感到意外——过去十几年间,操着德式英文唱腔,这支在国内斩获了不少奖项的乐队身上被贴上了“小众”的标签。<sep>  “重塑之前还担心现场的大众乐迷不喜欢他们,但最后投票出来你会发现大众乐迷的票数也很高,大家都被那个现场给打动了。”节目总监制、米未联合创始人牟頔告诉界面文娱。<sep>  《乐夏》做到第二季,延续自第一季的思路是,所谓的“小众”并不是乐队的意愿,还是要提供更多渠道让他们跟观众沟通。在此之外,牟頔的新感受是,音乐无关标签,它就是一种很直接的情感连接,当下听到它的那一刻你是喜欢还是不喜欢,这都是很直接很真实的感受,也是很难预测的。<sep>  在米未涉足乐队题材之前,乐队类综艺在国内还没有成功案例。2019年《乐队的夏天》让新裤子<sep>、刺猬、盘尼西林等乐队被更多人了解,也推红了《莫欺少年穷》《火车驶向云外,梦安魂于九霄》等作品。在“大众”和“小众”之间,在音乐和真人秀形式的结合上,这档节目找到了微妙的分寸感。第一季快结束的时候,节目组从制造这个新IP的过程中获得了一种成就感,用牟頔的话说,“那种情绪和氛围让大家觉得这是应该有第二季的节目”。当然,最直接的推动力是,第一季的很多商务客户都追投了下一季。<sep>  又一个夏天,《乐夏2》来了,带着和第一季略有区别的更年轻的表达。《乐夏2》从1500多支乐队中最终选出33支乐队,当中有不少重塑这样成名多年的乐队,但更多的是福禄寿、Mandarin这样你可能之前从未见过的新鲜面孔。<sep>  在赛制上,《乐夏2》玩得更大胆了。牟頔透露,比赛的激烈程度提升了大概20%。“我们去年在赛制设置上比较保守,每设置一个环节,都会请教王硕、丁太升这样的圈内人士,这样玩儿乐队会不会不高兴?因为第一次和乐队一起录节目,我们会担心万一他们撂挑子不干了怎么办。”<sep>  今年在整体推进上顺利了很多。第一期分组赛,一上来就是让乐队自己选组,这是节目组去年没敢干的事。牟頔透露,到复活部分还会有一些更激烈的对抗形式,去年一直想做的乐队合作赛也会出现在这一季。“去年有很多人一听是比赛的形式就不来了,但大家看了节目之后,知道节目组没有恶意,状态会更打开一些,而且他们也知道赛制是节目成立的一个前提。”<sep>  赛制的变化只是一方面,在做《乐夏2》的过程中,米未的主创们从未遇到那么多意料之外的东西。比如五条人没有通知任何人就现场换歌,比如在最近的一次录像中,节目组预想的几乎所有事情都没有发生。牟頔觉得这是好事。两年前,米未“向死而生”,全公司上上下下铆足了劲儿要做出下一个像<sep>那样的IP,在这种压力下,《乐夏》成为米未新的起点。但第二季更考验一个团队在新起点上的开掘能力。<sep>  “如果一个节目做到第二季还能够赢得关注和喜爱,打破常规和惯性,不要四平八稳,也许才是对的。”这是牟頔和她的团队最近的思考。<sep>  “愿意来同时能在节目里发光的,我们几乎都放在这了”<sep>  第一季打开局面之后,想来的乐队一下子多了起来,节目组的邮箱收到了1000多支乐队报名信息,但挑选符合节目要求的乐队仍然是最让导演们焦虑的事。<sep>  《乐夏2》衡量乐队主要有两个维度,一个是天赋,一个是时间的累积。第一期节目中的Mandarin就属于他们眼中的那类天才型选手。这个乐队仅仅成立一年,但三个人在各自的领域里几乎都是数一数二,组在一起半年就能出不错的作品。至于时间维度上的代表,则包括Joyside、达达等成立多年的乐队,这些乐队成员在一起经历过太多事情,人和人之间的感情以及作品都有一种时间萃成的浓度。<sep>  最好的乐队是两者兼具,但这很难。因为除了极少数天才,乐队更多还是时间的产物,经不起一轮一轮地筛选。“《奇葩说》选角一年选一茬,总还有些人出来,如果没有那么好,我们还可以集中三个月培训,但做乐队急不来。”<sep>  选角的成功概率没有那么高,对于做节目的人来说,这意味着很大的挑战。从去年《乐夏》结束到今年开始录制前一个多星期,花了将近一年时间,节目组才最终定下33支乐队的人选。“做到第二年,我们自己开玩笑说,愿意来同时能在节目里发光的,我们几乎都放在这了,剩下的要么是人家不愿意愿或者时间不方便的,要么就是还需要再沉淀一下的”。<sep>  音乐本身和人物方面的考量之外,现场的表现能否爆发出能量对于节目组来说同样是重要的选择标准。筹备第一季的时候,因为时间和空间受限,节目组并没有看过入选的每一支乐队的现场,但今年导演们去到10多个城市看了260多支乐队的现场演出,最终定下的33支乐队都是经过了现场这一关考验的。<sep>  观摩这些乐队的现场,要么是在音乐节上,要么在livehouse里,还有些是在“乐夏巡星计划”的比赛上。米未发起的“乐夏巡星计划”旨在发掘乐队新星,共有500多支乐队报名,其中优胜乐队白皮书、超级斩、号外乐团和ETA伊塔最终都来到了《乐夏2》的舞台上。<sep>  “乐夏巡星计划”和街声、秀动这样的平台联合举办,但米未有自己的评判标准,会综合现场表现、音乐类型、作品数量、人物形象气质、表达状态等因素。“各个音乐平台和厂牌办的比赛都有自己的定位,我们会有更多综合性的考量。”<sep>  做第一季时,牟頔曾明确表示,《乐夏》要做的是乐队的夏天,不是摇滚乐的夏天。这种趋向在第二季中尤为明显。《乐夏2》年轻乐队很多,带来了更多的音乐风格,现场表现也透着一股生猛的劲儿。如果说上一季节目有些许遗憾,牟頔觉得其中一点就是年轻乐队走到后面的比较少,但今年她突然发现,节目中来的年轻人身上好像有不一样的希望。<sep>  “像Mandarin里,肖骏是90年的,安雨是94年的,Chace是98年的,福禄寿三个女孩都是90后,他们很年轻,也都是专业院校毕业的,但是又非常有灵气。”选角的时候,导演组围在一起听福禄寿的《玉珍》,牟頔转眼一看,很多人都在流眼泪。<sep>  “没办法,我们就是被震撼到了,所以就请他们来。”牟頔说。<sep>  “坚定不移地做人物”是节目第一季留下的核心经验。《乐夏》让人们记住了新裤子、痛仰、刺猬这些乐队,记住了“百万粉丝”的彭磊,砸琴的赵子健、脾气差的小乐这些典型人物。<sep>  《乐夏2》的策略没变,仍然是充分挖掘那些有意思的、值得被观众记住的人,从选角到之后的策划、拍摄基本上都是围绕乐队中的人展开。今年由于导演们花了更多时间跟拍乐队,第一次和乐队见面的那些瞬间、正式进棚之前的采访......这些前期和乐队打交道的部分都被记录了下来,更能抓到他们身上鲜活的部分,《乐夏2》真人秀部分的比例增加了大概20%。片子剪到现在,几乎每一场比赛都可以剪出两期节目。<sep>  乐队自己提供的素材也更为丰富。马赛克巡演过程中的趣事就来自于他们自己提供的纪录片,“他们会请团队记录下所有的巡演,我们当时看到那个画面觉得太珍贵了,因为那不是你做节目能够设计出来的。”<sep>  撕掉类型和标签,然后感受每一次失控<sep>  另一个变化是,第一季中,大乐迷还担负着给观众科普乐队知识的重任,但在第二季里,这部分硬知识的比重降低了。这一方面是因为音乐类型大致上就那么一些,去年都介绍的差不多了,另一方面也是因为比起专业知识,节目组更希望在这一季突出乐队之间的情感和对音乐的感受。<sep>  “去年我们还会在剪辑时突然跳出来告诉大家这是哪一种音乐类型,今年我们会展示一首很完整的音乐作品,让大家好好听歌感受。”<sep>  更深层的原因是,《乐夏2》想要去标签。“以前乐队之间经常会说你是朋克,我是重金属,但现在这些年轻乐队,每次问他们是什么乐队,他们表现出来的状态是并不太在意这件事,而且很多乐队风格混搭,比如超级斩将自己的音乐风格概括为‘二次元宅核’。”福禄寿的音乐也具备这种多样化特质,在牟頔看来,你说她们是世界音乐,但好像也没有那么准确,她们的音乐里同时有摇滚和民乐的元素。<sep>  这对主创来说也是一种冲击,越往后录制,节目组越发现,概念、类型、标签这些预设的东西好像都被撕掉了。有一天牟頔跟导演开会时说,你们有没有发现,年轻人特有的思维方式就是不定义自己,不把自己框在一个类型里面。就像傻白在现场问大乐迷张亚东<sep>,您了解这么多类型,那您觉得我们是什么类型?很多老牌乐队也厌倦了标签化的表达。重塑曾跟节目组表示,不要再强调他们是后朋乐队了,“我们不是,我们就是重塑”。Joyside也说,别再叫我们朋克乐队了。<sep>  “玩音乐是一种生活态度。在一起玩乐队,人和人的交流、连接和感受都是非常当下的,跟你的过去、你身上的标签没任何关联。没有谁看不上谁,也没有门类之争,音乐就是音乐。”<sep>  节目组也在跟着“进化”。“第一季的时候因为有很多专业问题不懂,导演去跟一个乐队沟通的时候会先问,你们是个什么乐队?他们说是朋克,导演就记在本子上,回来给别的导演讲。”到了第二季反而很少有人再去专门做这件事情了。<sep>  那些看似鲜明的标签实际上并非出于节目组本意。《乐夏》第一季的时候有两只男团乐队参与,这一季里也有快女出道的刘忻<sep>、快男出道的白举纲<sep>和《明日之子》第二季总冠军蔡维泽三个“偶像”各自组成的乐队,外界也许会下意识地认为节目组想通过这种设置表达些什么,但牟頔告诉界面文娱,其实真的没有。“他们自己想来,而且克服重重困难来了,他们有自己现成的乐队而且玩的还挺棒的,也并不在乎别人怎么看。那我们为什么要say no呢?”<sep>  至于来了会是什么结果,节目组无法向任何一支乐队做出保证。这就是一个真实的比赛,米未搭台,裁决权则全权交给现场的乐迷们。“对于水木年华<sep>这样有资历的乐队来说,他们是33支乐队中代表一个年代的色彩,但是如果他们在这个舞台上没有被更多人接受,那也是当下的结果。”<sep>  从综艺创作层面而言,不设限反而能带给人更多惊喜。牟頔将这一季的创作思路总结为一个词“flow”,这意味需要你更多在当下顺着你的感受做事,而不是预设一个东西,然后机械执行。<sep>  五条人在现场临时换歌,比观众还没有心理准备的是节目组。牟頔回忆当时的场景说,本来现场导演在那坐着,旁边是核心导演团队,等到仁科张嘴的第一声,对讲机就炸了,耳机里面全是乱七八糟的喊声,好像每一个人都失控了——她眼看着旁边节目制片人李楠楠从自己的座位旁边“弹了出去”。“我没看彩排,不知道之前彩排的是哪一首歌,我只知道他们在群里对信息的时候说,五条人有两首歌都想唱,问了节目组的意见,最后定下来了一首,但是我也不知道他唱的竟然是另外一首。”<sep>  五条人的即兴发挥打乱了节目组的规划。以灯光为例,现场的灯光都是预先设置好固定程序,跟着音乐的节奏播放,五条人临时换歌,灯光老师就没有办法按下“play”键,只能投下一片黄色的固定光。很多现场的乐迷也会困惑,这个秀怎么没有任何设计?<sep>  “这要是五年前刚开始做《奇葩说》的那个团队碰到五条人,肯定所有人都不知所措了。”但在《乐夏2》的现场,导演组很快接受了这件事,迅速抛开慌乱和抱怨的情绪,赶紧拿真人秀的机器上去,问他们为什么换歌?到底发生了什么事?我们得把这些东西记录下来。<sep>  所有的反应都出于即刻做出的判断。“那也是一种flow,你只能活在当下去处理这些问题,而不是对抗。而且,如果所有的东西都是四平八稳地按照你的设计去玩,内容就不鲜活了,有意外大家反而能真的投入其中。”牟頔相信,失控会带来情绪,那个状态对于综艺创作来说才是对的。<sep>  界面文娱对话牟頔<sep>  <sep>:《乐夏》第一季结束之后你们觉得这个节目成功了吗?会从哪些维度来评价?<sep>  <sep>:比较重要的是,你自己感受上觉得它是不是一个好节目。我觉得这个问题在全团队来说肯定是有共识的,至少我们觉得第一季做完心里有一种成就感。因为很多数据都有层级划分,在所有外部数据里面,我最相信的东西就是商业上的反馈,第一季结束,我们很多客户都追投了第二季。<sep>  <sep>:今年有很多新乐队亮相,内容更轻松愉快了,节目在受众定位上是不是也会更年轻一点?<sep>  <sep>:做什么样的内容就会抓什么样的用户。只能说这一季在内容呈现上年轻面孔会比较多,至于结果我们现在也不知道。做第一季的时候,我们原来预想的是女性观众会比较多,因为我们导演组基本上都是女生,感觉上做出来的东西会更容易吸引女性,但我们看最后的数据发现,男性观众占比超过了大部分综艺,也出乎我们的预料。<sep>  <sep>:第二季参与的乐队整体心态和之前的乐队会有什么不同吗?<sep>  <sep>:乐队会更紧张,更在意,更努力。我那天看到场记群里有人说,一个乐队和一个偶像合作一场比赛,看了那个偶像之后说,乐队成员感慨说,原来真正做艺人需要这么自律,自己原来活得太懒散。乐队以前都是自由生长的,很多都是三天打鱼两天晒网,新裤子在上节目之前很多年的状态也是过得相对轻松的,但是参加《乐夏》让他们进入一种职业状态,把这件事从爱好变成事业。这一季的乐队来了之后都会迅速进入一种紧张排练的状态,大家或多或少都是想赢的。我觉得这是好事。<sep>  <sep>:有乐队是因为《乐夏》而重组的吗?<sep>  <sep>:一些乐队反映看了去年的节目之后收到了一些鼓励,本来快要解散的,看了《乐夏》没解散,也会有重组的。节目去年给了大家一些力量,让他们觉得原来玩乐队也可以有一些前景,可能原本很多年轻人觉得玩乐队过时了,看了这个节目之后也会知道其实组一个乐队是一件很有意思的事。这些对行业来说肯定是正向的刺激,但产生影响需要时间,比如节目可能会让更多小朋友愿意学乐器,但多年之后才会有结果,至于一些短期的急功近利的行为未见得是好事。<sep>  <sep>:你之前说过《乐夏》并不肩负振兴摇滚的责任,只是要做一档好看的节目,节目火了之后,你会对这个节目的意义进行重新思考吗?<sep>  <sep>:做节目就是“但行好事,莫问前程”,把节目做好,能带来什么就是自然发生的,而不是反过来,这跟创业是一样的。<sep>  <sep>:节目之外,米未对《乐夏》这个IP还有哪些长期的运营计划?<sep>  <sep>:我们比较慢,没有想过太多,而且规划没有太大的用处,很多都是顺其自然发生的。乐队火了之后,乐队的经纪和商务约自然就做了起来,部分优胜乐队未来一年的商务都是米未来处理。新裤子这一年的一些商务比如宜家、Keep基本上都是我们在帮他们谈,走得还挺好。这些多多少少证明第一季还是OK的,他们确实也被更多人看到了。回头看,《奇葩说》那时候也是这样,节目火了之后,我们开始做艺人经纪,因为人的运营对节目来说是很重要的事情。<sep>  去年我们还做了巡演,因为疫情,原本计划的部分城市巡演也暂时搁置,已经去过的几个城市效果都还挺好,基本上都是上线秒售罄。但我一开始做《乐夏》的时候没有这些规划,是节目火了之后很多人才跟我说你们应该做一下巡演。到了那个节点,大家都觉得你该干这件事,收益成本也都看得见,那就做呗。米未追求共鸣,希望所有参与的人都不要拧巴,能有一个共同目标。这次还会有什么新的事我还不知道,我们更倾向于一件件把手头的事情做好,一个新机会来的时候,再独立分析它的可行性,如果值得做那就努力做,也不用那么要。<sep>  我最近还在反思,觉得我们公司最大的问题就是战略上太保守了,不是那种擅长规划型的公司。但我们很强调拥抱变化,一步步活在当下。所谓衍生,先计划出来的就不是衍生了。我很害怕买椟还珠,本来应该好好做节目的,结果先想怎么做衍生,最后可能就是节目没成,你的计划也没有意义。<sep>  <sep>:《乐夏》和《奇葩说》这两个品牌之外,米未今年还在筹划新的项目吗?<sep>  <sep>:今年的时间应该来不及了,如果明年疫情好转一些,操作的空间更大一些,我们也确实想做一些新的东西。米未差不多两年就会经历一轮周期性起伏,明年正好是新周期的开始。两年前米未向死而生,铆足了劲儿要做下一个像《奇葩说》那样的IP出来,感觉公司再没有一个好的IP出来就很危险了,那时候就是一个新的起点。到了现在这个阶段,手里的事情差不多干成了,总得再上一个台阶。米未成立五年了,我们自己也在考虑下一步该去哪里,但明年一定会有一个新台阶要上。<sep>  <sep>:今年对节目的播出效果有怎样的预期?<sep>  <sep>:尽力做事,剩下的交给时间。说实话,去年节目也是到后半段才好起来,前三期压力很大,所以不能带着对去年结尾的预期来预测今年的开头。这个节目确实不是那种大流量的一上来就能博眼球的节目,还是需要慢慢进入乐队的故事,所以我们也不用被外部的环境、竞争所绑架,踏实在自己的节奏里有自己的生活。<sep>(责编:拾恩)"
0,水木年华《乐队的夏天》首轮遭淘汰 缪杰发文回应,2020年07月26日 11:06,"  新京报讯 7月25日晚,《乐队的夏天》第二季首播,水木年华在演唱《青春再见》后,首轮就被淘汰。有乐评人表示他们的表演无聊、油腻、没有新意,引起现场争论。也有其他乐队成员和大乐迷表示:不该以年龄论音乐的新旧,出道20年还能站在这个舞台上已经是勇气可嘉了。<sep>  对此,水木年华成员缪杰在7月26日凌晨发文回应称:“我们的确岁数不小了,但依旧拥有让自己骄傲的勇气和热血,台下的孩子们很年轻,却有着令我意外的成熟与包容。只是,有些顶着专业头衔的人,没有那些比他们岁数更大的人的勇气与热血,却在嘲讽着别人油腻。”文末,缪杰还表示:“他们的确可以左右这个舞台,但是左右不了这个世界,也阻止不了我继续喜爱这个节目,喜欢那些乐队,阻止不了我们继续去做那些我们认为有意义的事。”<sep>(责编:拾恩)"
0,金巧巧坦言遇合适角色还会演戏 武艺被调侃个子,2020年07月25日 23:57,"  新浪娱乐讯 近日,真人秀《超球少年》发布会在上海召开。金巧巧、谢楠、武艺、伍嘉成出席现场。发布会上,一直热爱足球的武艺称自己经常和朋友们一起踢球,有趣的是,当武艺说自己是前锋的时候,韩乔生在一旁调侃道,做前锋个子不需要太高。采访中,金巧巧调侃自己是“伪球迷”,提及演戏问题,金巧巧也坦然道,有好角色依旧会尝试。<sep>  《超球少年》由足球界6位“老男孩”,各自带领一支球队进行18场积分赛,并于第三轮赛后公投人选,以最强阵容组成“超球少年全明星队”与“梦舟明星足球队”进行一场公益表演赛。由半决赛赛果,决定两支角逐本季超球最终冠军的劲旅。<sep>  发布会上,杨晨、李玮锋、曲波、肖山、韩乔生等,作为《超球少年》团队中的重要成员,纷纷向媒体分享自己的心得体会。 谈及育儿,金巧巧称一定会让孩子学一项运动,因为少年强则国强。而作为电影人,当问及金巧巧关于疫情期间怎么看文体行业发展,金巧巧表示,希望疫情过后可以有更好发展。不仅如此,身在上海电影节无法亲临现场的贾樟柯更是通过VCR送来了祝福。<sep>  一直热爱足球的武艺在现场显得十分激动,他说道,自己现在也在踢足球,并且还和朋友们有一支足球队。有趣的是,当武艺说自己是前锋的时候,韩乔生在一旁调侃道,做前锋个子不需要太高,现场气氛十分活跃。此外,为了给自己的小队员们鼓足力气,执教团四位教练,与三位星理事谢楠、武艺、伍嘉成,以及特邀嘉宾金巧巧,在发布会现场秀舞技,大跳《无价之姐》,瞬间点燃现场气氛。<sep>  采访中,伍嘉成透露自己十分喜欢看足球,还曾特意去俄罗斯看了世界杯,金巧巧在一旁诧异,调侃自己是“伪球迷”。当问及金巧巧是否会在节目中出现,金巧巧表示会的,她笑道:我已经在家呆了好长时间了,半“退休”了,但现在孩子渐渐大了,所以我有时间出来了。当问及是否还会演戏,金巧巧表示,现在演戏的话还是有局限,女主角演不了,演妈妈又有点尴尬,相对来说机会比较少但是遇到合适的角色还是会参演。(奋斗乌托邦/文)<sep>(责编:大米)"
0,杜华看张含韵跳舞表情引热议 澄清喊的是“我噻”,2020年07月25日 12:32,"   <sep>         新浪娱乐讯 7月25日,有网友以为《乘风破浪的姐姐》中杜华看到张含韵<sep>非洲舞solo时情不自禁发出“卧槽”的感叹。随后,杜华发博贴出图澄清自己喊的是“我噻”,还喊话节目组“麻烦以后字幕君配给我个文字呗”"
0,赵丽颖为《这就是街舞》打call 自曝是忠实观众,2020年07月25日 12:06,"         新浪娱乐讯 7月25日,赵丽颖"
0,伊能静发文谈二次元:认真的人都可爱 和年龄无关,2020年07月24日 16:40,"  新浪娱乐讯 7月24日,伊能静<sep>在微博晒出自己在《乘风破浪的姐姐》三公舞台《彩虹节拍》的造型照,并感慨发小作文。伊能静表示在为《彩虹节拍》高难度的舞蹈部分开会时老师曾问自己能不能跳、要不要为了自己改动作,她坚定表示:“我想来这里就是要走出舒适圈,暴露缺点不算什么,但不去尝试可能性,我会遗憾。”<sep>  她直言以前接触二次元是因为儿子,这一次唱跳下来,发现二次元一点也不简单,“我对二次元有了新的敬意,二次元是充满爱的,是用内心永远的童真可爱抵抗了成年的世故现实。” 她在文末感谢老师与队友并重新定义自己对二次元的理解:“中年可以属于广场舞,也可以属于二次元,有人说二次元要装可爱,我本来有些排斥,但我现在相信,认真的人都很可爱的,和年龄无关。”<sep>(责编:麦子七)"
0,黄圣依为花样年华组画Q图 喊话孟佳:等你回来,2020年07月24日 16:29,"  新浪娱乐讯 7月24日下午,黄圣依<sep>在微博晒出自己画的<sep>三公舞台所在《花样年华》小组的Q版合照,感慨发文并喊话被淘汰的孟佳:“队长孟佳带着我们这些姐姐,为音乐争取空间,给舞蹈紧抠细节,这次表演才让我更加明白什么是严格意义的‘女团’。不是一个人好,是每个人都要为所有人好!现在回想开始拿到这首歌时我们的疑惑、迷茫,再看最终的舞台呈现;我想,不是我们选择了《花样年华》 而是《花样年华》选择了我们 ,让我们懂得拧在一起完成它,就是无限可能;孟佳等你回来,后续还有无限可能!”<sep>  网友们纷纷留言:“花样组都很棒,姐姐们加油!”“依依子,灵魂画手就是你”“姐姐你真的太美太有表现力了”“看到你的实力了,继续发光吧!”<sep>(责编:麦子七)"
0,张含韵非洲舞solo得第一 坦然称好评骂声姐受得起,2020年07月24日 15:40,"  新浪娱乐讯 7月24日,张含韵<sep>在最新一期<sep>中个人非洲舞solo以147票取得第一名。随后张含韵在微博晒出solo舞台的咆哮表情包,并发文:“谢谢雨绮队长给机会!谢谢团员信任!谢谢现场观众的应援!节目只是节目,但姐姐们是实打实的真的真的很优秀!跟三个学霸为大家带来半碗宽面的舞台,我很幸运。u1s1,我表演了我想表演的,尝试了我想尝试的,收获很大,我觉得可。但俗话说,出头有风险,看评需强大,有好评也有骂声,大伙儿别憋着,随你们高兴,姐受得起。”<sep>  网友纷纷鼓励她:“你已经很棒啦”“没问题的,我们经得起夸也经得起正常批评哈”“solo第一实至名归!”“这次突破自己了,就是很棒!” <sep>(责编:麦子七)"
0,张雨绮绿洲咬叉子练习微笑 为学表情管理下足功夫,2020年07月24日 15:06,"  新浪娱乐讯 7月24日,新一期<sep>播出,张雨绮<sep>所在《彩虹节拍》小组跳宅舞走可爱路线,给网友留下深刻印象。下午,张雨绮在绿洲晒出咬叉子练习微笑的自拍,并发文:“满唱满跳又满笑的舞台,是靠这么练出来的。表情管理,get”。照片中张雨绮梳着这次舞台的发型,妆容粉嫩,她用牙齿咬着一副一次性叉子,露出八颗牙齿灿笑,甜美十足。<sep>  网友纷纷评论道:“你超可爱超喜庆,一看到你就很开心!”“舞台小雨绝美”“今天好棒呀,跳舞唱歌都有进步啦!”<sep>(责编:麦子七)"
0,意难平!蒋梦婕因孟佳被淘汰大哭 发文为好友打气,2020年07月24日 14:37,"  新浪娱乐讯 7月24日,孟佳在新一期播出的<sep>三公舞台中被淘汰,许多网友纷纷感叹可惜。随后孟佳的好友蒋梦婕<sep>在微博晒出与她的聊天记录,并发文:“意难平!简直是意难平!我的佳佳子,你一定要带着王者的气势归来!我在手机后面默默支持你!” 聊天截图中蒋梦婕因孟佳被淘汰直接被看哭,她还给对方看自己的鼻涕纸以及擦眼泪的自拍,直呼“好丢人”、“太入戏了!”<sep>  网友纷纷评论道:“我也觉得她很棒”“佳佳是最牛的!”“复活回来还是一条好汉”“佳姐一定会王者归来”。 <sep>(责编:麦子七)"
0,郁可唯《浪姐》三公表现超绝 绿洲晒自拍问帅不帅,2020年07月24日 13:54,"  新浪娱乐讯 7月24日,新一期<sep>上线,郁可唯<sep>在三公《人美路子野》组公演中表现力超绝,声乐舞蹈俱佳。下午,郁可唯在绿洲分享一张自拍美照,照片中她留着蓬松的短发,化精致妆容,身披金色外衣,酷飒有型,她还在线发问道:“帅不帅!” <sep>  随后网友纷纷回应:“帅惨了!娶我!”“二公想娶!三公想嫁!”“郁可唯妈妈爱你”“帅到简直想叫你欧巴!”<sep>(责编:麦子七)"
0,万茜挑染银发刘海半挡脸 在线让网友帮自己撩头发,2020年07月24日 10:54,"  新浪娱乐讯 7月24日,万茜<sep>在微博分享<sep>三公定妆照,并发文:“马栏山洗剪吹一条龙‘剪头舞门’今日开业,新发型挡脸了,麻烦帮我撩下头发,谢谢”。照片中万茜挑战银色挑染短发发型,身穿银色亮片露腰背心搭配红色西服套装。她半穿西装外套,露出美肩,双手插兜,眼神超杀,又美又飒。<sep>  网友纷纷评论道:“我也想洗剪吹,报你的名字打折吗”“老万超飒!”“姐的头发我来撩”“小万你才38岁,好好穿衣服好吗?”<sep>(责编:麦子七)"
0,考眼力!张萌黄圣依舞台pose神错位 到底是谁的腿?,2020年07月23日 23:16,"  新浪娱乐讯 7月23日,张萌<sep>在微博晒出一张<sep>舞台错位图。照片中,张萌组的成员们在舞台上摆pose,站在前面的黄圣依<sep>弯腰与孟佳互动,而张萌正好站在黄圣依的身后,黄圣依的腿和张萌的上半身形成了错位图,让人一时间分不清到底是谁的腿。张萌自己也发文调侃:“猛一看,我还以为脚脖子长出来了呢,宝宝们,这是谁的腿?”还艾特了黄圣依。"
0,黄圣依练舞间隙做理疗 手掌侧边扎银针让人心疼,2020年07月23日 21:13,"  新浪娱乐讯 7月23日,黄圣依<sep>在微博晒出一张手部的照片,并发文表示:“练舞,见缝插针。”照片中,黄圣依身穿军绿色上衣搭配牛仔裤,而右手上扎着一根又粗又长的针,看起来让人心疼。不少网友表示:“姐姐要注意身体”“看起来好疼”。"
0,《π星创造》:悬疑剧式赛制开启选秀节目新玩法,2020年07月23日 18:27,"  新浪娱乐讯 由北京华娱星艺文化传媒有限公司出品的《π星创造》是一档电视音乐选秀综艺节目,π是无限的意思,用无限的潜能,来创造舞台的无限可能。《π星创造》旨在聚焦于音乐本身,选拔真正热爱音乐,能够在华语乐坛长久生存下去的“音乐人”,为华语乐坛输入新鲜的血液。<sep>  与众多偶像养成类综艺不同的是,《π星创造》一共12期,每一期都不太一样,下一期如何进行,每个人的命运如何决定,都像悬疑剧一样,最后给人意想不到的惊奇,又让人心服口服地继续追下去。但是不管怎样,节目宗旨是公平公正公开地选择出具有“真善美”品格的有才华的“音乐人”。比如,自己选择队友,然后表演part有多有少,自己和队友商量着来,这样让成员更加了解彼此,能够真正团结成一体,也为后面成团出道减少矛盾纷争。<sep>  现在,《π星创造》全国海选即将开始,一共设有12个海选赛区,分别为广州赛区、杭州赛区、南京赛区、上海赛区、济南赛区、沈阳赛区、郑州赛区、成都赛区、西安赛区、长沙赛区、常德赛区、北京赛区。<sep>  燃青春,必音乐。燃烧对音乐无限的热情,是音乐人最后的倔强。<sep>(责编:kita)"
0,郑希怡被工作室P鬼畜表情包 霸气发“泰拳警告”,2020年07月23日 14:02,"  新浪娱乐讯 7月23日,郑希怡<sep>工作室晒出两张郑希怡的鬼畜表情包,并发文:“开展副业,预定从速”。照片中工作室为郑希怡P上了“衣物代洗”、“菜场代购”的搞怪文案,随后郑希怡甩出一张“我不理他们,我懂泰拳”的照片并回应道:“是姐的拳头不够硬吗?”<sep>(责编:麦子七)"
0,宝石老舅自曝也在追《浪姐》 称化完妆撞脸张雨绮,2020年07月22日 22:29,"  新浪娱乐讯 7月22日,宝石老舅在参加某综艺活动时,自曝也在追《乘风破浪的姐姐》,自己pick张雨绮。被问及原因,他幽默回应:“化了妆之后跟张雨绮长得有点像”。<sep>(责编:小5)"
0,Selina谈十年前意外受伤经历 开玩笑称想办流水席,2020年07月22日 20:14,"  新浪娱乐讯 近日,在某综艺节目中,Selina谈及到10年前的意外伤痛,她坦言自己好像没有必要从这件事情走出来,学会与它共存就好,甚至跟妈妈开玩笑说想在受伤十周年办流水席,因为觉得那样蛮酷的,现在的她开始倾听自己的内心,画画旅行享受生活。<sep>(责编:小5)"
0,张萌偷师刘敏涛学表情管理 直言让她踢馆《姐姐》,2020年07月22日 00:45,"  新浪娱乐讯 7月22日凌晨,张萌<sep>在微博晒出一张与刘敏涛<sep>的合影,并发文表示:“我承认我有偷偷跟涛涛子学表管(表情管理),有谁跟我一样想要刘敏涛踢馆姐姐?”照片中,刘敏涛身穿格纹长裤搭配粉色T恤,紫色棒球帽和口罩遮面,张萌则一身米色针织上衣搭配米色棒球帽,两人对着镜头凹造型,亲密无间。"
0,白冰替代容祖儿录制《快本》?节目组这样回应,2020年07月21日 18:24,"  新浪娱乐讯 今日有网友晒出快本路透图,谢霆锋、白冰、霍汶希等人现身录制现场,并称白冰替代容祖儿录快本?新浪娱乐为此求证节目组,对方称“今天快本录制,白冰作为英皇艺人代表和谢霆锋一起给自家艺人助阵。” <sep>(责编:明侦探)"
0,如何看待网友评价?吴昕黄圣依心态大不同,2020年07月21日 17:01,"  新浪娱乐讯 在《乘风破浪的姐姐》中,吴昕与黄圣依谈到面对节目播出后的观众反馈。黄圣依认为“你做什么都会有人说好,也会有人说不好。管他呢,做自己完了”,同时还表示自己不看这些消息,认为好的内容是自我催眠,负面内容会影响心情。吴昕表示大家都是人,再怎么不在乎,看到这些评价都不会开心,同时自己和弟弟达成了共识,有事的时候弟弟会收走自己的手机几天。<sep>  对于姐姐们清醒的态度,网友们表示外界声音只是参考,希望姐姐们要加油做自己。<sep>(责编:明侦探)"
0,郁可唯拉窗帘为防偷拍 晒不到太阳导致缺钙,2020年07月21日 16:11,"  新浪娱乐讯 《定义》作为《乘风破浪的姐姐》的衍生专题访谈节目,姐姐们展现了更为真实的一面。在今天的《定义》访谈里,谈及被偷拍的经历,郁可唯称自己曾被狗仔偷拍到家里的照片,于是采取了“每天拉窗帘”的措施,因为长期晒不到太阳而缺钙。当主持人问到“你是在开玩笑吗?”,郁可唯称“很烦”、“不想被拍到”。姐姐的神回复也是高情商了,希望大家给艺人一些私人空间~<sep>(责编:明侦探)"
0,《不止冠军》定档722 聚焦女排运动员的B面人生,2020年07月21日 14:32,  新浪娱乐讯 <sep>  <sep>  <sep>  <sep>  <sep>  <sep>  <sep>  <sep>  <sep>  <sep>(责编:明侦探)
0,罗英锡否认新节目《暑假》抄袭日本游戏,2020年07月20日 22:00,"  新浪娱乐讯 据韩媒报道,罗PD新综艺《暑假》被质疑抄袭日本游戏《我的暑假》。随后节目组否认了抄袭质疑,称完全不知道该游戏,更不存在参考,只是在寻找房子的时候,找了这个村子最古老的房子,却忽略了装修问题,“很抱歉给观众带来不舒服的感觉,是我们不够细心。我们将以观众提出的意见,在进行第二次拍摄前重新修改装潢。”<sep>(责编:小5)"
0,"《爆款星主播》开启海选,寻找全民“薇娅辛巴”",2020年07月20日 18:20,"  新浪娱乐讯 2020年疫情下直播带货异军突起,造就了薇娅、辛巴等头部主播带货顶流。直播电商的爆发式增长带来电商主播人才的巨大市场需求,广州、杭州等各地纷纷出台相关扶持政策,重点培养电商直播人才。为了给年轻主播搭建开放,培养、选拔明星主播,为行业注入新的活力,由北京场景互娱传媒科技有限公司、浙江蓝象传媒有限公司联合出品,腾讯视频平台独家播出的《爆款星主播》已全面开启海选。<sep>  《爆款星主播》作为国内首档聚焦直播电商生态的职场真人秀网络综艺节目,致力于让所有怀揣主播梦想的人,展现自己独特的带货方式。同时,节目邀请到业内带货顶流、圈内明星和全行业品牌主一起进行点评和研判,深挖直播行业痛点,揭示带货主播行业的争议和内幕。根据节目组云海选的要求,只要参赛者年满18岁,不限男女均有资格报名参加选拔,通过海选的主播可参与《爆款星主播》节目录制。<sep>  <sep>  《爆款星主播》作为一个带货主播真人秀节目,获得了全行业海量品牌主的底价支持。品牌作为节目中的隐形参与者,通过内容丰富、观赏性强的节目内容将主持人、明星、选手与品牌自然连接,借助节目中不同性格、形象的节目嘉宾达到品牌传播的目的,既加强了观众对品牌的认知和印象,又巧妙地与节目建立了新的互动方式。<sep>  <sep>  综艺真人秀节目已不是什么新鲜事,但“直播”概念的加入为节目注入了新鲜血液。通过多方位呈现主播特色,为年轻主播们搭建了一个个人IP独家打造的舞台,一次乘风破浪C位出道的捷径,明星大咖、带货顶流、来自电商、游戏、二次元等各个圈层主播的加入为节目内容增加了精彩看点,更充满了无限想象力。<sep>(责编:明侦探)"
0,伊能静分享与小黄鸭神似对比照 表白张含韵像猫咪,2020年07月20日 18:09,"  新浪娱乐讯 7月20日,新一期播出的<sep>中阿kenn老师为了激发伊能静<sep>跳宅舞的可爱感,让张含韵<sep>扮演她的女儿唱《冰雪奇缘》中“一起堆雪人”的可爱歌曲。下午,伊能静在微博晒出一张自己与小黄鸭的对比照以及张含韵举着猫咪图片的自拍,并发文:“韵宝~你给我做的小鸭子~~~好可爱~~我们不去玩雪人,一起去玩鸭子和猫猫吧!!!” 照片中伊能静的五官和表情神似小黄鸭,而张含韵的大眼睛也与呆萌的猫咪非常相像。20日晚间,张含韵转发了伊能静的发文,并表示:“一张拼图5块,但是给静姐免费!这样姐夫能不带我去爬山了吗?”<sep>  网友纷纷评论道:“好可爱鸭哈哈哈”“韵韵子的大眼睛太像猫咪了!”两个小姐姐都好好看”<sep>(责编:麦子七)"
0,维嘉晒与吴奇隆吴昕同款鹰钩鼻 起组合名吉祥三雕,2020年07月20日 14:44,"  新浪娱乐讯 7月20日,综艺《元气满满的哥哥》官宣阵容,李维嘉<sep>在微博晒出与吴昕<sep>、吴奇隆<sep>的侧颜同框合照,并发文:“大家好,我们是《元气满满的哥哥》里的吉祥三雕!” 照片中三人并排站在一起,都拥有同款鹰钩鼻,侧颜宛如亲兄妹。<sep>  网友纷纷留言道:“你们是异父异母三胞胎吧”“怎么能这么像啊”“果然鼻下如有神”“这都不用拜把子了,一看就是兄妹”。  <sep>(责编:麦子七)"
0,张萌绿洲回应郁可唯向自己要角色:镜头已设计好,2020年07月20日 10:29,"  新浪娱乐讯 7月19日,郁可唯<sep>为张萌<sep>送礼物手写卡片,给她留言称想用免费的歌曲换一个角色。20日凌晨,张萌在绿洲晒出自己给郁可唯的回信,并发文:“期待演员霞霞子,镜头已设计好”。卡片中,张萌写道:“期待早日见到演员郁可唯,到时候专门设计一个从腿摇上来的出场镜头,slay全场,当然ost越多越好!”<sep>(责编:麦子七)"
0,"沈春阳表白小沈阳:爱情里不光有爱,还有感谢",2020年07月19日 16:59,"  新浪娱乐讯 7月19日,沈春阳<sep>在微博发长文表白丈夫小沈阳<sep>,回忆三年来夫妻二人陪伴妈妈治疗脑胶质瘤的历程。沈春阳感谢小沈阳的付出,称小沈阳对妈妈百般照顾,“他就会用各种方法分散注意力,给我妈妈唱二人转,给她扭秧歌,逗我妈妈开心”。文末,沈春阳真情告白小沈阳:“我的爱情里不光有爱,还有感谢!谢谢你,小沈阳!”<sep>(责编:明侦探)"
0,黄龄称蓝盈莹身上没有负能量:她很适合当队长,2020年07月19日 14:53,"  新浪娱乐讯 近日,黄龄接受节目采访视频曝光,她表示蓝盈莹吸引自己的地方是她是“元气少女”,身上没有任何负能量,闹钟响了就立刻起来,很适合做队长、有组织能力、有责任心,会照顾大家的情绪。也提到蓝盈莹主动拉姐姐们的群,并曾送给蓝盈莹锦旗,给她起名“Blue WinWin(蓝赢赢)”。<sep>(责编:Blue)"
0,陈卓璇回应“是我站得不够高吗”争议:我不后悔,2020年07月19日 13:12,"  新浪娱乐讯  近日,一段陈卓璇采访被曝光,在采访中陈卓璇回应“是我站的还不够高吗”言论引发的争议,表示自己就是一个直接的人,此事对自己没什么影响。<sep>  陈卓璇在采访中被问到因“是我站的还不够高吗”言论引发的争议,透露此事对自己没什么影响,还表示说的时候就考虑到会有这样的后果,有预料过所以不觉得惊讶,知道大家一定会有争议,“但我可能在这方面就是一个比较直接的人......就是觉得该为自己争取,如果我一直不说出来,其实我什么都得不到。”<sep>  陈卓璇还表示如果时间倒流还是会说这句话,“我来到了这里,如果我问心无愧了,我做出了所有的努力,我就希望我能够得到我该得到的,包括我的创始人,他们让我站在那么高的位置上,他们也不希望我什么都没有,也不希望我只是站在那里而已。”(新娱/文)<sep>(责编:vhaha)"
0,郑希怡没被宁静选为组员 为自己打气称下次肯定在,2020年07月17日 17:26,"  新浪娱乐讯 7月17日,新一期播出的<sep>中宁静<sep>作为组长在选成员时没选郑希怡<sep>,郑希怡表示当时心里面有点咯噔一下,觉得有点难受。随后宁静在与组员吃火锅时将郑希怡拉到一旁向她道歉,之后郑希怡也没有再参与这场火锅局。下午,郑希怡在微博分享一张自己的“火锅召唤术”的表情包,并发文给自己打气:“什么也不说了,下顿火锅我肯定在的”。<sep>(责编:七七)"
0,张雨绮绿洲晒《浪姐》美照 找到破洞裤揣手新作用,2020年07月17日 14:00,"  新浪娱乐讯 7月17日,张雨绮<sep>在绿洲分享两张新一期<sep>中的近照,并发文:“破洞裤的主要作用——揣手”。照片中张雨绮扎着蝴蝶结丸子头,身穿黑T,下身穿了一条白色宽松破洞裤,她将一只手揣进破了的洞里,十分乖巧可爱。<sep>  网友纷纷评论道:“姐你这看着挺暖和啊”“你咋那么可爱呢!”“姐给我揣揣”“好乖巧的小雨子”。<sep>(责编:七七)"
0,艾福杰尼坐轮椅参加超新星 创造“医学奇迹”,2020年07月17日 11:15,"  新浪娱乐讯 7月16日,第三届《超新星运动会》开播,艾福杰尼由于受伤而坐轮椅参赛。“身残志坚”的艾福杰尼在看到队友们赢得了跳绳比赛后,他的表现十分抢眼,竟忘记了骨折激动地从轮椅上站起来与队友庆祝胜利的喜悦,网友纷纷调侃他为“医学奇迹”。<sep>  艾福杰尼在节目播出当晚发博称“太不好意思了,让大家见笑了!哈哈哈!坐轮椅也不能妨碍我在《超新星运动会》起飞,来让我用腿来Drop the beat!潮流赛区芜湖!”随后,#艾福杰尼 医学奇迹#的话题登上热搜,引来网友发笑,而艾福杰尼也带该话题发博并打出“??????????”。网友纷纷表示该话题很有灵性,引发爆笑。<sep>(责编:明侦探)"
0,郁可唯绿洲晒练习室自拍 对镜卖萌比耶皮肤嫩出水,2020年07月17日 10:05,"  新浪娱乐讯 7月17日,郁可唯<sep>绿洲分享两张在《乘风破浪的姐姐》练习室的自拍,并发文:“课不能停~今天也是充实的一天,耶比~” 照片中郁可唯头戴米色棒球帽,脖子上挂着耳机,身穿蓝色碎花上衣。她对镜微笑比耶,尽显满满元气。<sep>  网友纷纷评论道:“姐姐加油冲”“宝贝一定要进总决赛!给妈妈成团!”“请保持这个营业速度”“看起来只有十八岁的姐姐”。<sep>(责编:七七)"
0,艾福杰尼忘记骨折从轮椅上站起来 网友:医学奇迹,2020年07月17日 09:32,"  新浪娱乐讯 7月16日,第三届《超新星运动会》首播,骨折却还“身残志坚”参赛的艾福杰尼因为看到队友努力赢得了跳绳比赛,太过激动忘了自己腿受伤还坐着轮椅,一下子就站了起来想跑过去和队友拥抱,气氛超嗨,网友纷纷调侃他是“医学奇迹”。<sep>  艾福杰尼在微博晒出自己在节目中的照片并发文:“太不好意思了,让大家见笑了!哈哈哈。坐轮椅也不能妨碍我在《超新星运动会》起飞,来让我用腿来Drop the beat!潮流赛区芜湖!” 随后不久“艾福杰尼医学奇迹”的tag登上了微博热搜,他又在微博晒出这段动图并一连发了十个问号,令网友爆笑。<sep>(责编:七七)"
0,《乘风破浪》丁当曝会和姐妹聊感情观分享保养品,2020年07月17日 08:13,"  新浪娱乐讯 据台湾媒体报道,音乐剧《搭错车》由丁当、王柏森、陈乃荣、萧景鸿(阿弟)等主演,获得好评。刚从《乘风破浪的姐姐》下车的丁当,即将搭上《搭错车》这班亲情列车与歌迷见面,无论是《乘风破浪的姐姐》姐妹合宿生活,或是《搭错车》家人般的大家庭,丁当都收获良多,她表示在“乘风破浪”里,大家会聊聊感情观、分享保养品,话题很女性;虽然距离上场《搭错车》演出后,已超过8个月没见面,但彼此间聊天话题不断,彼此分享近况,她说:“下戏后,大家各自忙自己工作,虽然大家没在一起,但都能瞭解彼此近况,相信届时进排练室排练时,大家依旧默契十足的家人!”<sep>  丁当和饰演亚叔的王柏森,剧中亲情揪心感人,两人父女情也延伸到戏外,不仅时常相约出游,在片场更是有聊不完的话题,这次参与《乘风破浪的姐姐》,完美主义的她除了对自我要求外,身为队长对于团队表现压力自然不小,在高度压力下,唯一宣泄出口就是和“爸爸”王柏森天天畅聊,王柏森就像家人一样,给予丁当加油打气,一通电话过后,都让紧绷的她展开笑靥,足见两人平凡相依却有浓厚的父女情。<sep>(责编:kita)"
0,《街舞》第三季将播 钟汉良自曝因选手离开痛哭,2020年07月17日 07:00,"  新快报讯 记者梁燕芬报道 《这!就是街舞》第三季日前在上海举办发布会,宣布节目将于7月18日开播。发布会现场四位明星队长王嘉尔、王一博、钟汉良、张艺兴悉数亮相。他们分享了录制过程中的感受,纷纷表示:“在舞者身上感受到对街舞的无畏坚持与不懈热爱。”<sep>  据悉,《这!就是街舞》第三季在赛制玩法、选手阵容、视觉质感等方面都将升级。总导演陆伟表示,正是“战疫”时武汉人民的守望相助中获得第三季节目的启动灵感——“为爱而战”,代表着人与困难的battle。值得一提的是,本季选手阵容云集了全球范围的实力舞者,众多国内舞蹈界元老级人物、新生代舞者以及国际大神齐聚节目,卧虎藏龙中,舞者们突围的难度与悬念大大增强。<sep>  现场钟汉良分享了自己在录制时曾因为舞者的离开而痛哭的经历,张艺兴爆料其他三位队长在节目录制时的口头禅。从目前剧透片花来看,四位队长的带队风格截然不同:王嘉尔暖心细腻,超高情商很会搞气氛;王一博热舞暖场,专业评判收获选手好评;钟汉良也做足选手功课,领队能力不俗;张艺兴甜盐兼具,三大标准精确严格。<sep>   <sep>(责编:kita)"
0,《超新星运动会》用竞技重燃奋勇精神,2020年07月17日 06:40,"  由腾讯视频、腾讯体育联合出品的第三届《超新星运动会》于本周四开赛,决赛将于8月14日至16日进行直播。前两届《超新星运动会》创造了多场热血竞技的名场面,曾涌现纪凌尘、李昀锐、王志文、徐梦洁、于小彤等一众成绩优异的“大魔王”,展现了生而为赢、挑战自我的体育精神。而本届《超新星运动会》在赛制赛事上进行了全面升级,开创性地以圈层作为赛区标签,并加入3V3篮球、和平精英等更为年轻态的竞技项目,为年轻观众带来更多新鲜感受。但不变的是,来自不同圈层的明星运动员在热血对抗中奋勇向前的体育精神,将在激烈的赛事竞技中继续传递给大众。<sep>  <sep>  本届《超新星运动会》颠覆性地一改以地域归属划分运动员的方式,将五湖四海的运动员们,按照唱跳歌手、演员、搞笑艺人、电竞选手、时尚潮人等不同圈层,划分为“热血”、“演员”、“爆梗”、“潮流”四个不同的赛区,云集了当下年轻人最乐于发声、敢于挑战的人群。这也意味着“斜杠运动员”们将迎接来自各个圈层的竞技挑战,在赛场中充分展现自身领域优势,并在体育碰撞中实现圈层文化的沟通融合。<sep>  在首期节目中,四个赛区进行两两分组的团体三项赛。演员赛区、热血赛区的运动员大多曾参与过前两届的比赛,展现了经验、体能、配合上的优势。而潮流赛区、爆梗赛区内的运动员,大多是第一次合作,赛事经验缺乏令他们首战惜败。但无论是潮流赛区“上场正面刚”的拼搏精神,还是“爆梗赛区”在三连败后永不言弃、乐观面对的竞技态度,也感染着其他两个赛区的运动员们。<sep>  以运动打破圈层隔阂,《超新星运动会》更加贴近年轻一代的文化特点,用体育促进不同领域年轻人进行文化、态度的互相交融,增强体育竞技背后的社交属性。<sep>  <sep>  除了赛制全面升级,本届《超新星运动会》在以往赛事项目的基础上,也新增了观众呼声极高的3V3篮球和电竞项目和平精英。这两个新兴的专业项目打破常规体育赛事设置,将娱乐和运动属性更紧密地结合,符合当下青少年网络生态的喜好。与此同时,本届运动员不仅有影视演员、唱跳歌手,同样有电竞、篮球达人、说唱歌手、视频平台KOL等。硬糖少女303将与“人间唢呐”金靖、相声演员烧饼、高晓攀同台竞技,圈层互动增强了娱乐性,与新兴运动的趣味交互和热血竞技,也让全民运动健身的热情再度被重新唤起。<sep>  为了响应全民健身的号召,《超新星运动会》还宣布开启“操场重启计划”。7月10日,在中国国家体育总局印发的《科学有序恢复体育赛事和活动 推动体育行业复工复产工作方案》中指出“中国国内疫情低风险地区可积极有序恢复体育赛事和活动,有序、全面开放体育设施”。而在国家体育行业重启、复苏的过程中,青少年体育则是各方关注的焦点所在。青少年加强体育锻炼,增强体质的必要性也日益凸显。<sep>  《超新星运动会》将邀请杨芸晴、于小彤等十位明星运动员担任高校操场重启大使,展开线上线下的体育互动,意在通过青春正能量偶像的号召力,将年轻人重新带回操场,助力青少年重新塑造起常态化的运动习惯,以节目传递的“生而为赢”的体育精神,鼓舞疫情之下依旧奋力拼搏的当代青少年。<sep>  <sep>  2020年疫情打乱了所有人的生活节奏,不仅大众运动、文化娱乐领域停摆,社会也陷入焦虑不安的情绪之中。而体育是鼓舞士气最好的载体,体育竞技传递的精神也正是顽强拼搏、奋勇向前,是跌倒后再爬起来的永不言弃。体育精神不只存在于职业赛场,也存在于生活中的每一场比赛当中。在抗疫的社会背景之下,通过竞技运动重燃奋勇精神,用热血竞技为社会带来鼓舞,正是《超新星运动会》试图传递的体育精神与正向能量。<sep>  采写/新京报记者 张赫<sep>(责编:kita)"
0,许飞感谢粉丝投复活票 霸气表示不恨黑骂自己的人,2020年07月16日 23:35,"        新浪娱乐讯 7月16日,许飞<sep>发文感谢大家为自己投票复活,也回应了此前票数异常增长的争议,她写道:“对不起大家,这段时间辛苦了。感谢支持我的朋友们,为我白忙活了半天,以后写歌回报你们。同时我也不记恨黑我骂我的朋友,但愿所有的偏见都是时辰未到的误会。不怕时运不济,只要我还没躺平。”"
0,张伦硕晒与钟丽缇白冰自拍合照 称二人好像小女生,2020年07月16日 22:11,"         新浪娱乐讯 7月16日晚,张伦硕<sep>在微博晒出与老婆钟丽缇<sep>、好友白冰<sep>的合照,并发文为两人打call。他写道:“看着两位小姐姐们聊天,感觉就像是女生宿舍的两个小女生在互相加油啊哈。白冰加油冲冲冲,希望你们给大家带来更精彩更惊喜的演出啊。”"
0,求教程!《超人回来了》威廉爸三个月暴瘦22kg,2020年07月16日 22:08,"   <sep>  新浪娱乐讯 据台媒,韩国谐星山姆(SamHammington)虽是澳大利亚人,但他活跃在韩国演艺圈,近期带着一对可爱的儿子出演亲子节目《超人回来了》打开知名度,他过去因为身体健康恶化,意识到问题严重性,宣言要开始减肥,经过数月的努力,16日终于有成果,体重创下5年来的新低,身形确实小了足足一倍,减肥前、后比对照惊人,令他直呼:“身体轻盈了很多。”<sep>  山姆透过专家的帮助,4月开始认真减肥,短短1个月内减了14公斤,16日再度公布成果,他已经从最高巅峰体重120公斤瘦到98公斤,大肚腩明显变小,整个人看起来更有精神、气色,且外貌也跟着变得年轻,3个月内瘦了22公斤,成果惊人。<sep>  对此,山姆“5年以来,第一次体重掉到2位数字,体重变成2位数以后,身体轻盈很多,身体状况也变好了很多。”他的目标是减重40公斤以上,希望让两个儿子可以有个健康爸爸的好印象,16日成果照片曝光后,不少人吓到直呼“差好多”、“瘦下来真的有差”、“感觉气色好了”。ETtoday/文<sep>   <sep>(责编:小5)"
0,"喻言晒《青你2》花絮上演秒变脸 自侃""挺突然的""",2020年07月16日 11:39,"  新浪娱乐讯 7月16日,THE9成员喻言<sep>在微博中分享一段录制《青春有你2》时的花絮视频,视频中喻言前一秒还在卖力唱跳《yes!ok》并露出甜甜的微笑,结果音乐一停马上切换省电模式瞬间“冷漠”变脸,她发文自侃道:“就是挺突然的。”<sep>  粉丝纷纷评论道:“表情管理大师”“姐姐真是可甜可飒”“要不要这么真实”。"
0,张萌绿洲晒网友P图的《说话之道》:我猜在教道歉,2020年07月16日 09:46,"  新浪娱乐讯 7月16日,张萌<sep>在绿洲晒出一本网友帮自己P的《萌萌子的说话之道》的书籍的照片,并发文道:“这是哪位宝宝给我p的《说话之道》,我猜这本书一共有500页,其中498页都在教怎么道歉。总是在大胆发言,总是在滔滔不绝,就算这样大家还没叫我闭麦......一切的秘诀都写在这本书里了!” 照片中这本书的封面上还写着“如何人脉破圈,达成有效社交”、“不要看别人说什么,要看别人做什么”等宣传语,搞笑十足。<sep>  网友纷纷评论道:“我觉得可以出,想看”“姐姐不愧是12G网速的人”“萌姐你太可爱啦”。"
0,"工作室辟谣陆思恒""撒网""后发律师声明 将依法维权",2020年07月15日 17:49,"  新浪娱乐讯 7月15日,陆思恒<sep>工作室就网传陆思恒在《超新星运动会》上跟多人互动“广撒网”的不实传闻发布律师声明。声明中表示7月14日多名网络用户在不同平台上发布了针对陆思恒的虚假言论及图片,严重损害陆思恒的社会评价和公众形象,使其蒙受了来自社会各方面的误解与质疑,已涉嫌构成对陆思恒姓名权、名誉权、肖像权的侵犯。<sep>  为此陆思恒方已依法取证,并将视情形委托律师依法追究涉嫌侵权主体的法律责仼。依法敦促并诚望相关网络用户、自媒体及网络平台勿以讹传讹,并立即删撒、停止传播相关信息及误导性言论。<sep>(责编:七七)"
0,吴昕发文感谢粉丝为自己投票:这么多年我值了,2020年07月15日 13:56,"  新浪娱乐讯 7月15日,<sep>复活赛投票截止,吴昕<sep>的综合排名位于前列。中午,吴昕在微博晒出一张美照并发文感谢粉丝为她投票:“U1S1, 我自己对我的粉丝们,肃然起敬。我自信了,我觉得这么多年我值了,感谢你们”。<sep>  网友纷纷在评论区给她鼓励:“昕昕子一定会成团的”“昕姐勇敢飞我们永相随”“会一直支持你的”。<sep>(责编:七七)"
0,沈梦辰感谢杨迪为自己拉票 不解为何参赛总两轮游,2020年07月15日 09:49,"  新浪娱乐讯 在最新更新的一期<sep>中,沈梦辰<sep>惨遭淘汰。7月13日,沈梦辰发文告别舞台。7月14日晚,是支持打投姐姐们的最后时间,杨迪<sep>转发了微博表示自己不理解梦辰为什么总输在这种现场投票的环节,希望大家可以看到梦辰的努力和付出,并动员大家给梦辰打call。随后沈梦辰也评论表示自己似乎中了比赛类节目二轮游魔咒,百思不得其解。<sep>  网友纷纷为梦辰加油:“姐姐加油!我们都为你打投!”“不会了,我们送你回来 玩个够!”(砂糖桃子/文)<sep>(责编:七七)"
0,"万茜发文为沈梦辰加油 改微博小尾巴为""左手冲浪""",2020年07月14日 17:13,"  新浪娱乐讯 7月13日,沈梦辰<sep>在《乘风破浪的姐姐》二公淘汰后晒出训练的日常,并曝光了多张姐姐们的“丑照”,真实又可爱。14日下午,因交通事故导致右臂肱骨骨折的万茜<sep>在顺利做完手术后转发沈梦辰的该条微博并发文:“灯亮了,快回家!” 并将微博小尾巴设定为“左手冲浪”。随后沈梦辰回复道:“我又脆弱了,眼眶湿润了。但是,这位左手冲浪的朋友!请你放下手机,给我好好休息!!!你不回来,谁给我开灯?”<sep>  网友看到万茜更博纷纷评论道:“姐姐早日康复”“一定注意休息!量力而行”“我们等你回来!” <sep>(责编:七七)"
0,伊能静写小作文谈近日心情 感谢黄圣依开导自己,2020年07月14日 15:58,"  新浪娱乐讯 7月14日,伊能静<sep>在微博发长文吐露最近的心境,她表示和黄圣依<sep>还有张萌<sep>在《女孩儿与四重奏》组的日子非常有趣,并称黄圣依还会开导自己很多关于应对外界声音的方式,“在这个节目里学技艺还学做人,张弛有度,是我很大的收获。”<sep>  她还在文中提到之前的舆论风波并感谢黄圣依:“人是立体多维的,无法片面理解。在你们看不到的镜头之外,我常坐在黄圣依的床上和她聊到好晚,在舆论最强的那几天,我们互相打气,抱着好好的哭了一场,第二天又微笑的醒来去加强业务。在她那瘦瘦的身体里,有著超强的韧性。”并在最后写道:“我们三个磨人的小作精,不管以后还有没有机会合作,但友谊肯定不会因为节目结束而消失。妹妹们,下午茶记得还要约起来!”<sep>        随后,伊能静转发微博表示:“<sep>”<sep>(责编:七七)"
0,密室逃脱成年轻人新宠!相关企业注册量年增130%,2020年07月14日 15:56,"  芒果TV推出的《密室大逃脱第二季》火爆暑期荧屏,跟随明星悬疑探险、斗智斗勇的同时,观众也常有亲身体验一把的冲动。其实,密室类游戏体验场早已悄然流行,企查查数据显示,我国目前共有1868家密室相关企业,其中西安以131家企业成为数量最多的城市,2019年企业注册量达到598家,同比上升130%。另一方面,密室类游戏的安全隐患不可小觑,企查查显示超过80%的相关企业注册资本低于10万元,而全行业经营风险信息达到了674条。<sep>  <sep>  线下密室游戏的火爆,离不开综艺的明星效应,随着2019年《密室大逃脱第一季》的播出,密室相关企业注册量也呈现迅速上升趋势。2018年注册量仅有260家,2019年同比上升130%,达到598家。尽管受到一季度疫情的影响,但2020年上半年,密室相关企业注册量也已经达到了183家。<sep>  密室逃脱这类娱乐性场所,通常“隐藏”在闹市区某个角落,经营者多为个体工商户。企查查数据显示,密室相关企业类型80%为个体工商户,有限责任公司占据了18%。<sep>  <sep>  这种烧脑益智冒险类游戏,在年轻人中比较流行,是三国杀、杀人游戏等桌游之外,当前最潮最IN的时尚活动。<sep>  从全国各大城市的分布情况来看,企查查数据显示,西安的密室相关企业数量最多,有131家,远超其他城市,成都、深圳、上海、北京等地紧随其后。据悉,一线主流城市的密室逃脱总从业人数达万人之多,创造年销售业绩达亿元之多。<sep>  <sep>  作为新兴产业,密室逃脱在国内尚处于起步阶段,拥有相当大的发展空间,更因其具有投资小、收益高、回本快的特点,成为自主创业者的首选。企查查数据显示,密室相关企业注册资本大多数低于10万,占比超80%,仅有7%的相关企业注册资本在100万元以上。<sep>  惊险刺激的环节,脑力风暴的交锋,都给玩家带来极大乐趣,但背后的安全隐患也不容小觑。企查查数据显示,近五年来,密室相关风险信息数量逐年增长,2019年相关风险信息数量已经达到214件,较2018年同比上升了30%。而在总共高达674条的风险信息中,“企业经营异常”占据了绝大多数份额,而在排名第三的“开庭公告”中,不乏生命权、健康权、身体权纠纷和提供劳务者受害责任纠纷等信息。<sep>(责编:kita)"
0,张含韵绿洲起范儿自拍凹造型 被金晨逗笑一秒破功,2020年07月14日 14:04,"  新浪娱乐讯 7月14日,张含韵<sep>在绿洲分享一段自拍视频,并发文:“气质这一块,总是拿捏得......” 视频的开头张含韵还在对镜各种起范儿摆高冷pose,但随着身旁金晨<sep>一句“陶醉呐”,她一秒破功露笑颜,直呼特别喜欢身后的窗帘,小奶音甜美呆萌。<sep>  网友纷纷评论道:“哈哈哈像个小傻子”“搞笑艺人你好”“姐姐是不是喝假酒了”“可我感觉你萌萌哒”。<sep>(责编:七七)"
0,《少年之名》罗杰因腰伤退赛 发文向粉丝队友道歉,2020年07月14日 13:28,"  新浪娱乐讯 7月14日,《少年之名》选手罗杰在微博发长文表示因腰伤无法继续参与后续的节目录制,遗憾退赛。他在文中感谢了粉丝对自己的支持,同时也感到十分抱歉,“我不希望带着病痛让大家失望,更不希望因为我的原因让舞台残缺。在这里也要对我的队友们说一声抱歉,这一次不能跟你们一起并肩作战,给大家添麻烦了。” 他在长文最后坚定地强调道:“但是我相信,这绝不是结局,少年就是永远有横冲直撞的勇气和底气,暂时的离别是为了更好的重逢。”<sep>(责编:七七)"
0,蔡国庆分享《元气满满》花絮 与杨洋切磋土味舞技,2020年07月14日 10:49,"  新浪娱乐讯 7月14日,蔡国庆<sep>在微博分享一段与《元气满满的哥哥》的成员们一起跳舞的花絮视频,并发文:“弟弟们教我尬舞”。视频中蔡国庆与杨洋、陈学冬、黄明昊、王鹤棣和王彦霖几位成员们一起切磋土味舞技,气氛超嗨。<sep>  下午,杨洋资讯站也分享了一段杨洋与哥哥们跳土味舞的视频,视频中杨洋从一开始的顺撇到舞步逐渐自信,最后直接停不下来狂跳各种动作,欢快十足。<sep>(责编:七七)"
0,喻言分享《青你2》花絮 王承渲乖巧戴萌酷飒不羁,2020年07月14日 10:00,"  新浪娱乐讯 7月14日,喻言<sep>在微博上分享了一段参加<sep>时的花絮视频。视频中,练习的间隙喻言时而和朋友们打闹时而摊在练习室的地板上,配合着可爱的背景音乐,和她犀利的眼神十分具有反差萌。喻言还笑称视频中出现的其他朋友分别是戴着墨镜的“美女保镖戴萌<sep>”和甜美剪刀手的“可爱小孩承渲”,以及自己是又酷又飒的“可怕杀手喻言”。<sep>(责编:七七)"
0,郭敬明《少年之名》第二支MV制作完成 时长32分钟,2020年07月13日 17:56,"  新浪娱乐讯 7月13日,郭敬明<sep>在微博分享《少年之名》第二支MV的片段,并发文:“《少年之名》的第二支MV制作完成了,我个人超喜欢!看哭好几次。想了很久,决定把第二支MV叫做《少年之心》,第二支MV时长32分钟......我不知道有没有破纪录......”<sep>  网友们随后评论道:“郭导你真的太棒了”“小的给您捶背揉腿”“简直是微电影式mv”“大满足!” <sep>(责编:七七)"
0,袁咏琳发文吐露心境 坦言看到姐姐们淘汰无能为力,2020年07月13日 15:17,"  新浪娱乐讯 7月13日,《乘风破浪的姐姐》加更版播出,当袁咏琳<sep>得知同组的阿朵<sep>和钟丽缇<sep>被淘汰后痛哭不止,十分伤心。13日下午,袁咏琳在微博晒出与姐姐们的合照并发长文,坦言今天这一集是自己最怕看的,“我说过这个节目是在我正想离开演艺圈,正想放弃的时候,上天给我最大的礼物⋯让我重新开始,让大家重新认识我。” 她在文中谈到了四位姐姐,“过程中,宁静<sep>姐、阿朵姐、钟丽缇姐和丁当<sep>姐特别理解我的心情。她们都鼓励我站出来做队长,也耐心的教导我怎么做得更好。我知道透过这次的经验,我成长了,也变得更坚强了,可是终究最难面对的,是眼睁睁看着你的战友离开,而你感觉自己无能为力。”<sep>  她表示自己在这个节目最大的收获就是与姐姐们的友情。“我希望能看到这些姐姐们回来,再次站在这个舞台上发光发亮。这一切总有一天都会结束⋯我们或长或短总有一天都要告别的,我也是。可是我一定会笑着说再见。”<sep>(责编:七七)"
